Date,CPU Utilization,Total Power,CPU Power,GPU Power
2025-05-27 02:02:30,0.26549210206561,43.16346399999929,43.16346399999929,0.00000000000000
2025-05-27 02:02:31,0.21856287425150,40.95961199999874,40.95961199999874,0.00000000000000
2025-05-27 02:02:32,0.24922118380062,42.10639899999842,42.10639899999842,0.00000000000000
2025-05-27 02:02:33,0.35210396039604,43.05341700000099,43.05341700000099,0.00000000000000
2025-05-27 02:02:34,0.23773103887827,41.64790399999947,41.64790399999947,0.00000000000000
2025-05-27 02:02:35,0.32706552706553,38.28035900000032,38.28035900000032,0.00000000000000
2025-05-27 02:02:36,0.31871182676291,37.43575600000077,37.43575600000077,0.00000000000000
2025-05-27 02:02:37,0.30113636363636,38.90535699999964,38.90535699999964,0.00000000000000
2025-05-27 02:02:38,0.34471544715447,37.31173300000046,37.31173300000046,0.00000000000000
2025-05-27 02:02:39,0.30450236966825,38.88588699999855,38.88588699999855,0.00000000000000
2025-05-27 02:02:40,0.37595307917889,40.07759500000066,40.07759500000066,0.00000000000000
2025-05-27 02:02:41,0.49030303030303,42.84187000000020,42.84187000000020,0.00000000000000
2025-05-27 02:02:42,0.42617866004963,42.49909800000023,42.49909800000023,0.00000000000000
2025-05-27 02:02:43,0.53449310137972,45.05585400000018,45.05585400000018,0.00000000000000
2025-05-27 02:02:44,0.39820895522388,42.22077799999897,42.22077799999897,0.00000000000000
2025-05-27 02:02:45,0.53036680697535,42.75733700000092,42.75733700000092,0.00000000000000
2025-05-27 02:02:46,0.51111111111111,41.06135700000050,41.06135700000050,0.00000000000000
2025-05-27 02:02:47,0.28637951105937,38.76985900000000,38.76985900000000,0.00000000000000
2025-05-27 02:02:48,0.40229885057471,41.74818400000004,41.74818400000004,0.00000000000000
2025-05-27 02:02:49,0.53169856459330,42.73945399999866,42.73945399999866,0.00000000000000
2025-05-27 02:02:50,0.57436517533253,42.96864000000096,42.96864000000096,0.00000000000000
2025-05-27 02:02:51,0.46799516908213,44.16431600000033,44.16431600000033,0.00000000000000
2025-05-27 02:02:52,0.43078833022967,43.45392899999933,43.45392899999933,0.00000000000000
2025-05-27 02:02:53,0.36467751657625,43.30085300000064,43.30085300000064,0.00000000000000
2025-05-27 02:02:54,0.43375576036866,40.38551700000062,40.38551700000062,0.00000000000000
2025-05-27 02:02:55,0.35710041592395,40.83137700000043,40.83137700000043,0.00000000000000
2025-05-27 02:02:56,0.57749077490775,43.63807199999974,43.63807199999974,0.00000000000000
2025-05-27 02:02:57,0.43561973525872,41.15730500000063,41.15730500000063,0.00000000000000
2025-05-27 02:02:58,0.39740566037736,39.74251299999924,39.74251299999924,0.00000000000000
2025-05-27 02:02:59,0.46658639373871,41.25807300000088,41.25807300000088,0.00000000000000
2025-05-27 02:03:00,0.36186770428016,39.79408699999840,39.79408699999840,0.00000000000000
2025-05-27 02:03:01,0.40758807588076,40.71614399999999,40.71614399999999,0.00000000000000
2025-05-27 02:03:02,0.69581280788177,46.81604299999890,46.81604299999890,0.00000000000000
2025-05-27 02:03:03,0.77928193054738,51.09685400000126,51.09685400000126,0.00000000000000
2025-05-27 02:03:04,0.61467889908257,47.97466899999927,47.97466899999927,0.00000000000000
2025-05-27 02:03:05,0.70469798657718,50.87474800000018,50.87474800000018,0.00000000000000
2025-05-27 02:03:06,0.72629187961386,50.81273599999986,50.81273599999986,0.00000000000000
2025-05-27 02:03:07,0.68857938718663,50.93553799999972,50.93553799999972,0.00000000000000
2025-05-27 02:03:08,0.73829667230682,51.71934999999939,51.71934999999939,0.00000000000000
2025-05-27 02:03:09,0.75113895216401,52.52745400000094,52.52745400000094,0.00000000000000
2025-05-27 02:03:10,0.63225446428571,52.77806299999975,52.77806299999975,0.00000000000000
2025-05-27 02:03:11,0.64024390243902,53.25700499999948,53.25700499999948,0.00000000000000
2025-05-27 02:03:12,0.73873359954364,53.21373099999983,53.21373099999983,0.00000000000000
2025-05-27 02:03:13,0.67500000000000,53.67662000000018,53.67662000000018,0.00000000000000
2025-05-27 02:03:14,0.63935340022297,52.63347200000135,52.63347200000135,0.00000000000000
2025-05-27 02:03:15,0.64126292868808,53.84446599999865,53.84446599999865,0.00000000000000
2025-05-27 02:03:16,0.63117453347969,52.89341899999999,52.89341899999999,0.00000000000000
2025-05-27 02:03:17,0.63224737713970,52.19896300000073,52.19896300000073,0.00000000000000
2025-05-27 02:03:18,0.62242562929062,53.28813300000002,53.28813300000002,0.00000000000000
2025-05-27 02:03:19,0.78332354668233,53.72782899999947,53.72782899999947,0.00000000000000
2025-05-27 02:03:20,0.78391356542617,49.68920400000025,49.68920400000025,0.00000000000000
2025-05-27 02:03:21,0.52548543689320,46.14001900000039,46.14001900000039,0.00000000000000
2025-05-27 02:03:22,0.36504161712247,44.13862000000154,44.13862000000154,0.00000000000000
2025-05-27 02:03:23,0.27746947835738,38.44350499999928,38.44350499999928,0.00000000000000
2025-05-27 02:03:24,0.38062283737024,44.04169700000057,44.04169700000057,0.00000000000000
2025-05-27 02:03:25,0.62204724409449,51.06920499999978,51.06920499999978,0.00000000000000
2025-05-27 02:03:26,0.62983425414365,51.52190200000041,51.52190200000041,0.00000000000000
2025-05-27 02:03:27,0.52189141856392,48.40673600000082,48.40673600000082,0.00000000000000
2025-05-27 02:03:28,0.57934038581207,44.57843900000080,44.57843900000080,0.00000000000000
2025-05-27 02:03:29,0.42933491686461,41.70039399999951,41.70039399999951,0.00000000000000
2025-05-27 02:03:30,0.37609841827768,43.24085600000035,43.24085600000035,0.00000000000000
2025-05-27 02:03:31,0.24203431372549,42.36799500000052,42.36799500000052,0.00000000000000
2025-05-27 02:03:32,0.25214198286414,42.81293999999980,42.81293999999980,0.00000000000000
2025-05-27 02:03:33,0.24236760124611,42.84339600000021,42.84339600000021,0.00000000000000
2025-05-27 02:03:34,0.34967124925284,45.16120099999898,45.16120099999898,0.00000000000000
2025-05-27 02:03:35,0.63237774030354,50.99584099999993,50.99584099999993,0.00000000000000
2025-05-27 02:03:36,0.79701492537313,50.58147399999871,50.58147399999871,0.00000000000000
2025-05-27 02:03:37,0.77020785219400,51.81242900000143,51.81242900000143,0.00000000000000
2025-05-27 02:03:38,0.72685451408856,51.38213200000246,51.38213200000246,0.00000000000000
2025-05-27 02:03:39,0.66442199775533,50.20525499999712,50.20525499999712,0.00000000000000
2025-05-27 02:03:40,0.66194882961350,50.09685600000012,50.09685600000012,0.00000000000000
2025-05-27 02:03:41,0.64933687002653,51.57079100000192,51.57079100000192,0.00000000000000
2025-05-27 02:03:42,0.65144100054377,50.86150300000008,50.86150300000008,0.00000000000000
2025-05-27 02:03:43,0.64690026954178,51.41106199999922,51.41106199999922,0.00000000000000
2025-05-27 02:03:44,0.75858123569794,51.37199999999939,51.37199999999939,0.00000000000000
2025-05-27 02:03:45,0.77585210860774,52.43590100000074,52.43590100000074,0.00000000000000
2025-05-27 02:03:46,0.74366197183099,52.62510900000052,52.62510900000052,0.00000000000000
2025-05-27 02:03:47,0.71630804077010,51.81920299999911,51.81920299999911,0.00000000000000
2025-05-27 02:03:48,0.65036131183991,51.45824200000061,51.45824200000061,0.00000000000000
2025-05-27 02:03:49,0.63852097130243,50.84081299999889,50.84081299999889,0.00000000000000
2025-05-27 02:03:50,0.65461624026696,51.07115799999883,51.07115799999883,0.00000000000000
2025-05-27 02:03:51,0.65311653116531,50.17266200000086,50.17266200000086,0.00000000000000
2025-05-27 02:03:52,0.64597949271452,50.47081799999796,50.47081799999796,0.00000000000000
2025-05-27 02:03:53,0.82054309327037,51.34123800000089,51.34123800000089,0.00000000000000
2025-05-27 02:03:54,0.80843585237258,51.08507499999905,51.08507499999905,0.00000000000000
2025-05-27 02:03:55,0.72415762421473,51.08794300000227,51.08794300000227,0.00000000000000
2025-05-27 02:03:56,0.66097963676390,50.44048299999849,50.44048299999849,0.00000000000000
2025-05-27 02:03:57,0.64353137146030,50.58354999999938,50.58354999999938,0.00000000000000
2025-05-27 02:03:58,0.65692640692641,50.25139700000000,50.25139700000000,0.00000000000000
2025-05-27 02:03:59,0.64273972602740,50.35771999999997,50.35771999999997,0.00000000000000
2025-05-27 02:04:00,0.63988764044944,51.06414000000223,51.06414000000223,0.00000000000000
2025-05-27 02:04:01,0.77700751010976,50.90666899999997,50.90666899999997,0.00000000000000
2025-05-27 02:04:02,0.79001721170396,51.32347699999809,51.32347699999809,0.00000000000000
2025-05-27 02:04:03,0.74631936579841,51.21605600000112,51.21605600000112,0.00000000000000
2025-05-27 02:04:04,0.67008547008547,51.16149000000223,51.16149000000223,0.00000000000000
2025-05-27 02:04:05,0.63784390791690,50.88707699999941,50.88707699999941,0.00000000000000
2025-05-27 02:04:06,0.62977310459325,50.56444600000032,50.56444600000032,0.00000000000000
2025-05-27 02:04:07,0.65745856353591,50.55565600000045,50.55565600000045,0.00000000000000
2025-05-27 02:04:08,0.66330323951142,49.59038800000053,49.59038800000053,0.00000000000000
2025-05-27 02:04:09,0.75056433408578,50.15087299999868,50.15087299999868,0.00000000000000
2025-05-27 02:04:10,0.77285796434733,51.45964599999934,51.45964599999934,0.00000000000000
2025-05-27 02:04:11,0.78339140534262,51.14830699999948,51.14830699999948,0.00000000000000
2025-05-27 02:04:12,0.68895184135977,51.21056200000021,51.21056200000021,0.00000000000000
2025-05-27 02:04:13,0.65793693212186,50.40313099999912,50.40313099999912,0.00000000000000
2025-05-27 02:04:14,0.61546961325967,50.44182599999840,50.44182599999840,0.00000000000000
2025-05-27 02:04:15,0.45260663507109,47.70251500000086,47.70251500000086,0.00000000000000
2025-05-27 02:04:16,0.39824561403509,46.57080300000234,46.57080300000234,0.00000000000000
2025-05-27 02:04:17,0.48018648018648,47.03228899999885,47.03228899999885,0.00000000000000
2025-05-27 02:04:18,0.70606435643564,46.50134600000092,46.50134600000092,0.00000000000000
2025-05-27 02:04:19,0.53247549019608,44.69348900000114,44.69348900000114,0.00000000000000
2025-05-27 02:04:20,0.39939939939940,43.71576899999855,43.71576899999855,0.00000000000000
2025-05-27 02:04:21,0.28858290304073,41.71595800000068,41.71595800000068,0.00000000000000
2025-05-27 02:04:22,0.24223980523433,41.99110300000029,41.99110300000029,0.00000000000000
2025-05-27 02:04:23,0.23947051744886,41.79164099999980,41.79164099999980,0.00000000000000
2025-05-27 02:04:24,0.25741399762752,41.99995400000262,41.99995400000262,0.00000000000000
2025-05-27 02:04:25,0.24358208955224,41.62507600000026,41.62507600000026,0.00000000000000
2025-05-27 02:04:26,0.61528976572133,45.14716199999748,45.14716199999748,0.00000000000000
2025-05-27 02:04:27,0.54233128834356,44.73932699999932,44.73932699999932,0.00000000000000
2025-05-27 02:04:28,0.40863394441159,43.79993699999977,43.79993699999977,0.00000000000000
2025-05-27 02:04:29,0.31873614190687,41.68055700000332,41.68055700000332,0.00000000000000
2025-05-27 02:04:30,0.32134570765661,42.52418299999772,42.52418299999772,0.00000000000000
2025-05-27 02:04:31,0.23208818126148,41.70362899999964,41.70362899999964,0.00000000000000
2025-05-27 02:04:32,0.26910299003322,37.98128700000234,37.98128700000234,0.00000000000000
2025-05-27 02:04:33,0.29967776584318,37.60531199999969,37.60531199999969,0.00000000000000
2025-05-27 02:04:34,0.62121212121212,45.54108199999973,45.54108199999973,0.00000000000000
2025-05-27 02:04:35,0.77379553466510,51.06151500000124,51.06151500000124,0.00000000000000
2025-05-27 02:04:36,0.63091309130913,50.32311299999856,50.32311299999856,0.00000000000000
2025-05-27 02:04:37,0.61189189189189,50.42327200000000,50.42327200000000,0.00000000000000
2025-05-27 02:04:38,0.63292547274750,50.32213600000250,50.32213600000250,0.00000000000000
2025-05-27 02:04:39,0.70676274944568,50.89971099999821,50.89971099999821,0.00000000000000
2025-05-27 02:04:40,0.71556051310653,50.97777499999938,50.97777499999938,0.00000000000000
2025-05-27 02:04:41,0.62911321807027,50.49388900000122,50.49388900000122,0.00000000000000
2025-05-27 02:04:42,0.62634866553095,50.81603199999881,50.81603199999881,0.00000000000000
2025-05-27 02:04:43,0.63083849184018,53.14213700000255,53.14213700000255,0.00000000000000
2025-05-27 02:04:44,0.63828571428571,54.02238399999987,54.02238399999987,0.00000000000000
2025-05-27 02:04:45,0.59181353041501,51.08916399999725,51.08916399999725,0.00000000000000
2025-05-27 02:04:46,0.77699530516432,50.22905800000080,50.22905800000080,0.00000000000000
2025-05-27 02:04:47,0.74796747967480,51.45036899999832,51.45036899999832,0.00000000000000
2025-05-27 02:04:48,0.66968838526912,51.16612900000109,51.16612900000109,0.00000000000000
2025-05-27 02:04:49,0.63391877058178,51.25151600000027,51.25151600000027,0.00000000000000
2025-05-27 02:04:50,0.62926292629263,51.41728800000055,51.41728800000055,0.00000000000000
2025-05-27 02:04:51,0.64126807563960,52.13493699999890,52.13493699999890,0.00000000000000
2025-05-27 02:04:52,0.62180579216354,53.34996099999989,53.34996099999989,0.00000000000000
2025-05-27 02:04:53,0.60351673284175,51.49169000000256,51.49169000000256,0.00000000000000
2025-05-27 02:04:54,0.80249851279001,51.37865199999942,51.37865199999942,0.00000000000000
2025-05-27 02:04:55,0.76152073732719,51.08544099999926,51.08544099999926,0.00000000000000
2025-05-27 02:04:56,0.70693512304251,51.02892200000133,51.02892200000133,0.00000000000000
2025-05-27 02:04:57,0.52206736353078,48.81768499999816,48.81768499999816,0.00000000000000
2025-05-27 02:04:58,0.46100116414435,48.28253000000041,48.28253000000041,0.00000000000000
2025-05-27 02:04:59,0.40521327014218,47.48962399999800,47.48962399999800,0.00000000000000
2025-05-27 02:05:00,0.35930232558140,45.58338000000003,45.58338000000003,0.00000000000000
2025-05-27 02:05:01,0.32851115129596,44.71149399999922,44.71149399999922,0.00000000000000
2025-05-27 02:05:02,0.38977832512315,43.72486399999980,43.72486399999980,0.00000000000000
2025-05-27 02:05:03,0.58030769230769,44.54914099999951,44.54914099999951,0.00000000000000
2025-05-27 02:05:04,0.46066066066066,41.86866700000246,41.86866700000246,0.00000000000000
2025-05-27 02:05:05,0.28694158075601,38.45797099999982,38.45797099999982,0.00000000000000
2025-05-27 02:05:06,0.28177393185506,37.16372300000148,37.16372300000148,0.00000000000000
2025-05-27 02:05:07,0.27041742286751,42.22016799999983,42.22016799999983,0.00000000000000
2025-05-27 02:05:08,0.24511002444988,41.82453900000110,41.82453900000110,0.00000000000000
2025-05-27 02:05:09,0.23536660505237,41.71284499999820,41.71284499999820,0.00000000000000
2025-05-27 02:05:10,0.39379184418746,43.89344200000050,43.89344200000050,0.00000000000000
2025-05-27 02:05:11,0.57668329177057,45.72369899999831,45.72369899999831,0.00000000000000
2025-05-27 02:05:12,0.48535564853556,45.25183800000013,45.25183800000013,0.00000000000000
2025-05-27 02:05:13,0.66776315789474,50.92583400000149,50.92583400000149,0.00000000000000
2025-05-27 02:05:14,0.64246724890830,50.90270099999907,50.90270099999907,0.00000000000000
2025-05-27 02:05:15,0.64072847682119,51.04009199999928,51.04009199999928,0.00000000000000
2025-05-27 02:05:16,0.62882582081247,51.07781100000284,51.07781100000284,0.00000000000000
2025-05-27 02:05:17,0.60970107163001,51.56169600000067,51.56169600000067,0.00000000000000
2025-05-27 02:05:18,0.76453819840365,51.46300399999745,51.46300399999745,0.00000000000000
2025-05-27 02:05:19,0.80727062896711,51.43242399999872,51.43242399999872,0.00000000000000
2025-05-27 02:05:20,0.75000000000000,51.37529600000198,51.37529600000198,0.00000000000000
2025-05-27 02:05:21,0.65714285714286,51.68187499999840,51.68187499999840,0.00000000000000
2025-05-27 02:05:22,0.63610955841252,52.22948000000179,52.22948000000179,0.00000000000000
2025-05-27 02:05:23,0.63012928611580,51.63512199999968,51.63512199999968,0.00000000000000
2025-05-27 02:05:24,0.63626251390434,51.19505900000149,51.19505900000149,0.00000000000000
2025-05-27 02:05:25,0.64203612479475,50.79662299999836,50.79662299999836,0.00000000000000
2025-05-27 02:05:26,0.73173515981735,51.01604399999997,51.01604399999997,0.00000000000000
2025-05-27 02:05:27,0.80172910662824,51.20274900000004,51.20274900000004,0.00000000000000
2025-05-27 02:05:28,0.75113122171946,51.38915099999940,51.38915099999940,0.00000000000000
2025-05-27 02:05:29,0.71049661399549,51.29747599999973,51.29747599999973,0.00000000000000
2025-05-27 02:05:30,0.65503432494279,51.40898700000253,51.40898700000253,0.00000000000000
2025-05-27 02:05:31,0.63011363636364,51.68944299999930,51.68944299999930,0.00000000000000
2025-05-27 02:05:32,0.64095449500555,51.06401700000060,51.06401700000060,0.00000000000000
2025-05-27 02:05:33,0.63377926421405,50.96715400000176,50.96715400000176,0.00000000000000
2025-05-27 02:05:34,0.65035733919736,50.38543099999879,50.38543099999879,0.00000000000000
2025-05-27 02:05:35,0.80347826086957,51.07170699999915,51.07170699999915,0.00000000000000
2025-05-27 02:05:36,0.79154603358425,51.08275499999945,51.08275499999945,0.00000000000000
2025-05-27 02:05:37,0.72382569326542,51.11345499999879,51.11345499999879,0.00000000000000
2025-05-27 02:05:38,0.65757238307350,50.86040499999945,50.86040499999945,0.00000000000000
2025-05-27 02:05:39,0.63728242560359,51.30248100000244,51.30248100000244,0.00000000000000
2025-05-27 02:05:40,0.63585434173669,51.13097199999902,51.13097199999902,0.00000000000000
2025-05-27 02:05:41,0.63231981981982,50.78288999999859,50.78288999999859,0.00000000000000
2025-05-27 02:05:42,0.65526751241037,50.82622500000070,50.82622500000070,0.00000000000000
2025-05-27 02:05:43,0.80082742316785,51.23576999999932,51.23576999999932,0.00000000000000
2025-05-27 02:05:44,0.78892733564014,51.18663599999854,51.18663599999854,0.00000000000000
2025-05-27 02:05:45,0.71760045274477,50.92894700000033,50.92894700000033,0.00000000000000
2025-05-27 02:05:46,0.64385866517106,50.84404699999868,50.84404699999868,0.00000000000000
2025-05-27 02:05:47,0.64824120603015,51.07433200000014,51.07433200000014,0.00000000000000
2025-05-27 02:05:48,0.63681868743048,50.86095399999977,50.86095399999977,0.00000000000000
2025-05-27 02:05:49,0.63605823068309,50.78954200000226,50.78954200000226,0.00000000000000
2025-05-27 02:05:50,0.64103982300885,50.44738100000177,50.44738100000177,0.00000000000000
2025-05-27 02:05:51,0.76394366197183,50.58068099999946,50.58068099999946,0.00000000000000
2025-05-27 02:05:52,0.80896226415094,49.86083399999916,49.86083399999916,0.00000000000000
2025-05-27 02:05:53,0.75689958896066,50.51506900000095,50.51506900000095,0.00000000000000
2025-05-27 02:05:54,0.56239217941346,48.69280799999979,48.69280799999979,0.00000000000000
2025-05-27 02:05:55,0.41176470588235,46.46210000000065,46.46210000000065,0.00000000000000
2025-05-27 02:05:56,0.38577456298975,46.24896600000284,46.24896600000284,0.00000000000000
2025-05-27 02:05:57,0.39812646370023,46.12183000000005,46.12183000000005,0.00000000000000
2025-05-27 02:05:58,0.39749702026222,46.24780699999974,46.24780699999974,0.00000000000000
2025-05-27 02:05:59,0.29229836264403,42.77998099999968,42.77998099999968,0.00000000000000
2025-05-27 02:06:00,0.58940397350993,45.98468399999911,45.98468399999911,0.00000000000000
2025-05-27 02:06:01,0.48422330097087,43.67652399999861,43.67652399999861,0.00000000000000
2025-05-27 02:06:02,0.35072815533981,42.87611100000140,42.87611100000140,0.00000000000000
2025-05-27 02:06:03,0.26402835203780,41.58680800000002,41.58680800000002,0.00000000000000
2025-05-27 02:06:04,0.23104912067920,41.27583500000037,41.27583500000037,0.00000000000000
2025-05-27 02:06:05,0.22215422276622,41.51844799999890,41.51844799999890,0.00000000000000
2025-05-27 02:06:06,0.24849578820698,41.09468300000299,41.09468300000299,0.00000000000000
2025-05-27 02:06:07,0.22249690976514,41.73048399999971,41.73048399999971,0.00000000000000
2025-05-27 02:06:08,0.50091074681239,44.78864299999987,44.78864299999987,0.00000000000000
2025-05-27 02:06:09,0.47048082775411,43.85053500000140,43.85053500000140,0.00000000000000
2025-05-27 02:06:10,0.32207478890229,42.70191699999850,42.70191699999850,0.00000000000000
2025-05-27 02:06:11,0.23797930614729,42.19227500000125,42.19227500000125,0.00000000000000
2025-05-27 02:06:12,0.21393341553637,41.68678299999738,41.68678299999738,0.00000000000000
2025-05-27 02:06:13,0.22937989163155,41.06538600000204,41.06538600000204,0.00000000000000
2025-05-27 02:06:14,0.21251548946716,41.64472999999998,41.64472999999998,0.00000000000000
2025-05-27 02:06:15,0.26654523375835,41.95417699999962,41.95417699999962,0.00000000000000
2025-05-27 02:06:16,0.61704756022236,45.21442200000092,45.21442200000092,0.00000000000000
2025-05-27 02:06:17,0.42804654011023,43.87427799999932,43.87427799999932,0.00000000000000
2025-05-27 02:06:18,0.39167169583585,43.34870500000034,43.34870500000034,0.00000000000000
2025-05-27 02:06:19,0.21609907120743,41.55952500000058,41.55952500000058,0.00000000000000
2025-05-27 02:06:20,0.25693606755127,42.00544599999921,42.00544599999921,0.00000000000000
2025-05-27 02:06:21,0.19836272040302,41.70930500000031,41.70930500000031,0.00000000000000
2025-05-27 02:06:22,0.24550898203593,41.54304599999887,41.54304599999887,0.00000000000000
2025-05-27 02:06:23,0.22467771639042,41.46205200000259,41.46205200000259,0.00000000000000
2025-05-27 02:06:24,0.65773067331671,46.27221999999892,46.27221999999892,0.00000000000000
2025-05-27 02:06:25,0.56054087277197,44.89624700000059,44.89624700000059,0.00000000000000
2025-05-27 02:06:26,0.38632273545291,42.99256600000081,42.99256600000081,0.00000000000000
2025-05-27 02:06:27,0.25607587433314,41.84931899999719,41.84931899999719,0.00000000000000
2025-05-27 02:06:28,0.24053724053724,42.06922800000029,42.06922800000029,0.00000000000000
2025-05-27 02:06:29,0.22777101096224,41.37861800000246,41.37861800000246,0.00000000000000
2025-05-27 02:06:30,0.25301932367150,41.71400399999766,41.71400399999766,0.00000000000000
2025-05-27 02:06:31,0.22365196078431,41.32887400000254,41.32887400000254,0.00000000000000
2025-05-27 02:06:32,0.64254522769807,46.44696399999884,46.44696399999884,0.00000000000000
2025-05-27 02:06:33,0.54951100244499,44.19117099999858,44.19117099999858,0.00000000000000
2025-05-27 02:06:34,0.36951219512195,42.93378900000243,42.93378900000243,0.00000000000000
2025-05-27 02:06:35,0.28269794721408,40.85841499999879,40.85841499999879,0.00000000000000
2025-05-27 02:06:36,0.24053724053724,42.11372300000221,42.11372300000221,0.00000000000000
2025-05-27 02:06:37,0.23660445514750,41.26570300000094,41.26570300000094,0.00000000000000
2025-05-27 02:06:38,0.26460280373832,41.49000599999999,41.49000599999999,0.00000000000000
2025-05-27 02:06:39,0.24141942990111,38.65511299999707,38.65511299999707,0.00000000000000
2025-05-27 02:06:40,0.49794238683128,41.86439500000051,41.86439500000051,0.00000000000000
2025-05-27 02:06:41,0.42300778909527,41.02693400000135,41.02693400000135,0.00000000000000
2025-05-27 02:06:42,0.70376712328767,50.90605800000048,50.90605800000048,0.00000000000000
2025-05-27 02:06:43,0.63337116912599,50.78111999999965,50.78111999999965,0.00000000000000
2025-05-27 02:06:44,0.60293288212070,50.75627800000075,50.75627800000075,0.00000000000000
2025-05-27 02:06:45,0.57772621809745,51.12962999999945,51.12962999999945,0.00000000000000
2025-05-27 02:06:46,0.58682983682984,51.06755699999849,51.06755699999849,0.00000000000000
2025-05-27 02:06:47,0.62977528089888,50.94188700000086,50.94188700000086,0.00000000000000
2025-05-27 02:06:48,0.76057971014493,50.74138600000151,50.74138600000151,0.00000000000000
2025-05-27 02:06:49,0.79324403028538,50.94341200000054,50.94341200000054,0.00000000000000
2025-05-27 02:06:50,0.72168468981218,50.60100599999714,50.60100599999714,0.00000000000000
2025-05-27 02:06:51,0.67103762827822,50.74102000000130,50.74102000000130,0.00000000000000
2025-05-27 02:06:52,0.65281730221969,51.06059900000037,51.06059900000037,0.00000000000000
2025-05-27 02:06:53,0.67159090909091,50.98107099999834,50.98107099999834,0.00000000000000
2025-05-27 02:06:54,0.69767441860465,53.64451600000029,53.64451600000029,0.00000000000000
2025-05-27 02:06:55,0.69022639425732,52.39659399999800,52.39659399999800,0.00000000000000
2025-05-27 02:06:56,0.69010123734533,52.71025300000110,52.71025300000110,0.00000000000000
2025-05-27 02:06:57,0.73034362259755,52.89616599999863,52.89616599999863,0.00000000000000
2025-05-27 02:06:58,0.76055523423944,53.37223900000026,53.37223900000026,0.00000000000000
2025-05-27 02:06:59,0.74186046511628,53.48667999999816,53.48667999999816,0.00000000000000
2025-05-27 02:07:00,0.65936473165389,52.81022899999880,52.81022899999880,0.00000000000000
2025-05-27 02:07:01,0.70973154362416,53.12242300000071,53.12242300000071,0.00000000000000
2025-05-27 02:07:02,0.82352941176471,53.55894400000034,53.55894400000034,0.00000000000000
2025-05-27 02:07:03,0.77969121140143,53.72575399999914,53.72575399999914,0.00000000000000
2025-05-27 02:07:04,0.78139534883721,52.24150400000144,52.24150400000144,0.00000000000000
2025-05-27 02:07:05,0.82632541133455,52.68083399999887,52.68083399999887,0.00000000000000
2025-05-27 02:07:06,0.72899884925201,52.75743399999919,52.75743399999919,0.00000000000000
2025-05-27 02:07:07,0.63665768194070,52.99601900000198,52.99601900000198,0.00000000000000
2025-05-27 02:07:08,0.63769751693002,51.52678399999786,51.52678399999786,0.00000000000000
2025-05-27 02:07:09,0.82642180094787,51.55510499999946,51.55510499999946,0.00000000000000
2025-05-27 02:07:10,0.80643308443423,52.72459700000036,52.72459700000036,0.00000000000000
2025-05-27 02:07:11,0.70430408049189,51.45305399999779,51.45305399999779,0.00000000000000
2025-05-27 02:07:12,0.65987892129884,51.04326500000025,51.04326500000025,0.00000000000000
2025-05-27 02:07:13,0.71714285714286,51.57659000000058,51.57659000000058,0.00000000000000
2025-05-27 02:07:14,0.65451486259114,51.94328800000221,51.94328800000221,0.00000000000000
2025-05-27 02:07:15,0.66227064220183,51.93053099999815,51.93053099999815,0.00000000000000
2025-05-27 02:07:16,0.65343165059558,51.74706000000151,51.74706000000151,0.00000000000000
2025-05-27 02:07:17,0.66252821670429,51.77196199999889,51.77196199999889,0.00000000000000
2025-05-27 02:07:18,0.65530948324815,51.49858599999789,51.49858599999789,0.00000000000000
2025-05-27 02:07:19,0.66373142542653,51.34941700000127,51.34941700000127,0.00000000000000
2025-05-27 02:07:20,0.65036131183991,53.35850600000049,53.35850600000049,0.00000000000000
2025-05-27 02:07:21,0.64204545454545,54.04795699999886,54.04795699999886,0.00000000000000
2025-05-27 02:07:22,0.66666666666667,53.53214999999909,53.53214999999909,0.00000000000000
2025-05-27 02:07:23,0.62873563218391,52.36961700000029,52.36961700000029,0.00000000000000
2025-05-27 02:07:24,0.64125560538117,51.82848000000013,51.82848000000013,0.00000000000000
2025-05-27 02:07:25,0.64481185860889,51.59483900000123,51.59483900000123,0.00000000000000
2025-05-27 02:07:26,0.65116279069767,51.88737899999978,51.88737899999978,0.00000000000000
2025-05-27 02:07:27,0.65662650602410,52.04607099999703,52.04607099999703,0.00000000000000
2025-05-27 02:07:28,0.68907103825137,51.77086399999826,51.77086399999826,0.00000000000000
2025-05-27 02:07:29,0.65456674473068,48.78216199999952,48.78216199999952,0.00000000000000
2025-05-27 02:07:30,0.70601461495222,53.68205300000045,53.68205300000045,0.00000000000000
2025-05-27 02:07:31,0.64828362408554,54.07029600000169,54.07029600000169,0.00000000000000
2025-05-27 02:07:32,0.50351699882767,47.77471900000091,47.77471900000091,0.00000000000000
2025-05-27 02:07:33,0.57916917519567,47.55444399999760,47.55444399999760,0.00000000000000
2025-05-27 02:07:34,0.58750000000000,51.46813000000111,51.46813000000111,0.00000000000000
2025-05-27 02:07:35,0.43610785463072,48.67138400000113,48.67138400000113,0.00000000000000
2025-05-27 02:07:36,0.41535776614311,48.45434300000124,48.45434300000124,0.00000000000000
2025-05-27 02:07:37,0.58543417366947,52.38005400000111,52.38005400000111,0.00000000000000
2025-05-27 02:07:38,0.39399293286219,48.11474499999895,48.11474499999895,0.00000000000000
2025-05-27 02:07:39,0.36435045317221,47.93102999999974,47.93102999999974,0.00000000000000
2025-05-27 02:07:40,0.58843537414966,52.53373999999894,52.53373999999894,0.00000000000000
2025-05-27 02:07:41,0.46099290780142,47.94256600000153,47.94256600000153,0.00000000000000
2025-05-27 02:07:42,0.33097762073027,43.86280199999965,43.86280199999965,0.00000000000000
2025-05-27 02:07:43,0.57876312718786,49.68895999999950,49.68895999999950,0.00000000000000
2025-05-27 02:07:44,0.39370546318290,43.54639699999825,43.54639699999825,0.00000000000000
2025-05-27 02:07:45,0.44284859365649,43.02912600000127,43.02912600000127,0.00000000000000
2025-05-27 02:07:46,0.56000000000000,49.03380999999717,49.03380999999717,0.00000000000000
2025-05-27 02:07:47,0.53922789539228,46.14172800000233,46.14172800000233,0.00000000000000
2025-05-27 02:07:48,0.51874615857406,45.71374999999898,45.71374999999898,0.00000000000000
2025-05-27 02:07:49,0.55549099360837,50.29784499999732,50.29784499999732,0.00000000000000
2025-05-27 02:07:50,0.34270334928230,43.36433000000034,43.36433000000034,0.00000000000000
2025-05-27 02:07:51,0.31485992691839,42.50153900000078,42.50153900000078,0.00000000000000
2025-05-27 02:07:52,0.43496932515337,41.09285200000159,41.09285200000159,0.00000000000000
2025-05-27 02:07:53,0.28829915560917,39.89943399999902,39.89943399999902,0.00000000000000
2025-05-27 02:07:54,0.35992691839220,43.53821899999821,43.53821899999821,0.00000000000000
2025-05-27 02:07:55,0.24245939675174,42.03810000000158,42.03810000000158,0.00000000000000
2025-05-27 02:07:56,0.20291616038882,41.81251499999780,41.81251499999780,0.00000000000000
2025-05-27 02:07:57,0.24133881385790,41.99043200000233,41.99043200000233,0.00000000000000
2025-05-27 02:07:58,0.29039812646370,40.26930600000196,40.26930600000196,0.00000000000000
2025-05-27 02:07:59,0.18716577540107,36.34054399999877,36.34054399999877,0.00000000000000
2025-05-27 02:08:00,0.19870283018868,36.93099699999948,36.93099699999948,0.00000000000000
2025-05-27 02:08:01,0.18379685610641,36.02011000000130,36.02011000000130,0.00000000000000
2025-05-27 02:08:02,0.18672199170124,35.97073300000193,35.97073300000193,0.00000000000000
2025-05-27 02:08:03,0.21408128219805,35.60513399999763,35.60513399999763,0.00000000000000
2025-05-27 02:08:04,0.43058103975535,41.88636699999915,41.88636699999915,0.00000000000000
2025-05-27 02:08:05,0.32784958871915,38.73250600000028,38.73250600000028,0.00000000000000
2025-05-27 02:08:06,0.38725195429946,39.77297000000181,39.77297000000181,0.00000000000000
2025-05-27 02:08:07,0.37239263803681,40.27089299999716,40.27089299999716,0.00000000000000
2025-05-27 02:08:08,0.49051833122630,43.90955500000200,43.90955500000200,0.00000000000000
2025-05-27 02:08:09,0.56965944272446,44.44879999999830,44.44879999999830,0.00000000000000
2025-05-27 02:08:10,0.44578313253012,42.05873000000065,42.05873000000065,0.00000000000000
2025-05-27 02:08:11,0.30584615384615,42.46571200000108,42.46571200000108,0.00000000000000
2025-05-27 02:08:12,0.28336380255942,42.25800900000104,42.25800900000104,0.00000000000000
2025-05-27 02:08:13,0.41697877652934,41.94105499999932,41.94105499999932,0.00000000000000
2025-05-27 02:08:14,0.41534713763703,40.81483700000172,40.81483700000172,0.00000000000000
2025-05-27 02:08:15,0.38975903614458,39.63527500000055,39.63527500000055,0.00000000000000
2025-05-27 02:08:16,0.50924784217016,43.94318500000008,43.94318500000008,0.00000000000000
2025-05-27 02:08:17,0.52891052951917,42.06458999999813,42.06458999999813,0.00000000000000
2025-05-27 02:08:18,0.30985915492958,43.38483799999813,43.38483799999813,0.00000000000000
2025-05-27 02:08:19,0.33763945977686,43.61243699999977,43.61243699999977,0.00000000000000
2025-05-27 02:08:20,0.38734939759036,42.18940600000133,42.18940600000133,0.00000000000000
2025-05-27 02:08:21,0.45271507016473,42.85316199999943,42.85316199999943,0.00000000000000
2025-05-27 02:08:22,0.39951278928136,42.13911300000109,42.13911300000109,0.00000000000000
2025-05-27 02:08:23,0.54736842105263,43.66755199999898,43.66755199999898,0.00000000000000
2025-05-27 02:08:24,0.53630952380952,45.46320099999866,45.46320099999866,0.00000000000000
2025-05-27 02:08:25,0.36353009935710,44.29822699999932,44.29822699999932,0.00000000000000
2025-05-27 02:08:26,0.36605558840923,43.15955700000268,43.15955700000268,0.00000000000000
2025-05-27 02:08:27,0.41546762589928,43.37092199999825,43.37092199999825,0.00000000000000
2025-05-27 02:08:28,0.52398523985240,43.37507200000255,43.37507200000255,0.00000000000000
2025-05-27 02:08:29,0.43869377695625,43.60065699999905,43.60065699999905,0.00000000000000
2025-05-27 02:08:30,0.50429975429975,43.55762800000230,43.55762800000230,0.00000000000000
2025-05-27 02:08:31,0.56224188790560,45.46820599999774,45.46820599999774,0.00000000000000
2025-05-27 02:08:32,0.29640718562874,42.28510900000038,42.28510900000038,0.00000000000000
2025-05-27 02:08:33,0.31908665105386,42.11000000000058,42.11000000000058,0.00000000000000
2025-05-27 02:08:34,0.44852941176471,41.34626800000115,41.34626800000115,0.00000000000000
2025-05-27 02:08:35,0.39314641744548,39.69276999999784,39.69276999999784,0.00000000000000
2025-05-27 02:08:36,0.35438381361128,40.99104500000249,40.99104500000249,0.00000000000000
2025-05-27 02:08:37,0.47880299251870,42.08381599999848,42.08381599999848,0.00000000000000
2025-05-27 02:08:38,0.55756067205974,42.95020699999804,42.95020699999804,0.00000000000000
2025-05-27 02:08:39,0.58214507129572,44.42322699999932,44.42322699999932,0.00000000000000
2025-05-27 02:08:40,0.32541133455210,42.59052800000063,42.59052800000063,0.00000000000000
2025-05-27 02:08:41,0.30107526881720,42.54841400000078,42.54841400000078,0.00000000000000
2025-05-27 02:08:42,0.40603394091766,41.44551099999808,41.44551099999808,0.00000000000000
2025-05-27 02:08:43,0.42045454545455,42.31794600000285,42.31794600000285,0.00000000000000
2025-05-27 02:08:44,0.35881627620222,42.39307999999801,42.39307999999801,0.00000000000000
2025-05-27 02:08:45,0.55688246385921,43.89899700000024,43.89899700000024,0.00000000000000
2025-05-27 02:08:46,0.47302904564315,43.80652800000098,43.80652800000098,0.00000000000000
2025-05-27 02:08:47,0.34069212410501,42.81208499999775,42.81208499999775,0.00000000000000
2025-05-27 02:08:48,0.29616306954436,42.28254600000218,42.28254600000218,0.00000000000000
2025-05-27 02:08:49,0.36678832116788,41.13527099999919,41.13527099999919,0.00000000000000
2025-05-27 02:08:50,0.42056650246305,40.39784499999951,40.39784499999951,0.00000000000000
2025-05-27 02:08:51,0.36121437422553,40.38801999999851,40.38801999999851,0.00000000000000
2025-05-27 02:08:52,0.49096573208723,43.01600300000064,43.01600300000064,0.00000000000000
2025-05-27 02:08:53,0.45052243392747,42.90162300000156,42.90162300000156,0.00000000000000
2025-05-27 02:08:54,0.29611650485437,42.37531899999885,42.37531899999885,0.00000000000000
2025-05-27 02:08:55,0.28796128251664,42.21375900000203,42.21375900000203,0.00000000000000
2025-05-27 02:08:56,0.43294549908145,41.03505099999893,41.03505099999893,0.00000000000000
2025-05-27 02:08:57,0.38186304750154,40.27894999999990,40.27894999999990,0.00000000000000
2025-05-27 02:08:58,0.39004914004914,40.66792600000190,40.66792600000190,0.00000000000000
2025-05-27 02:08:59,0.43634116192831,41.02809300000081,41.02809300000081,0.00000000000000
2025-05-27 02:09:00,0.53542821934689,45.15643900000214,45.15643900000214,0.00000000000000
2025-05-27 02:09:01,0.31399521531100,42.52912699999797,42.52912699999797,0.00000000000000
2025-05-27 02:09:02,0.41548093340922,44.82386000000042,44.82386000000042,0.00000000000000
2025-05-27 02:09:03,0.46982758620690,43.15229399999953,43.15229399999953,0.00000000000000
2025-05-27 02:09:04,0.35294117647059,40.70009100000243,40.70009100000243,0.00000000000000
2025-05-27 02:09:05,0.36087484811665,40.01008999999976,40.01008999999976,0.00000000000000
2025-05-27 02:09:06,0.39810126582278,41.37342899999931,41.37342899999931,0.00000000000000
2025-05-27 02:09:07,0.50251889168766,42.40022099999987,42.40022099999987,0.00000000000000
2025-05-27 02:09:08,0.48239654107474,41.69026200000008,41.69026200000008,0.00000000000000
2025-05-27 02:09:09,0.35501519756839,42.91969000000245,42.91969000000245,0.00000000000000
2025-05-27 02:09:10,0.28282208588957,42.50489599999855,42.50489599999855,0.00000000000000
2025-05-27 02:09:11,0.44633110976349,42.68507099999988,42.68507099999988,0.00000000000000
2025-05-27 02:09:12,0.41575091575092,40.81288400000267,40.81288400000267,0.00000000000000
2025-05-27 02:09:13,0.34910878918254,40.25368099999469,40.25368099999469,0.00000000000000
2025-05-27 02:09:14,0.52288401253918,44.23139300000184,44.23139300000184,0.00000000000000
2025-05-27 02:09:15,0.42137973896830,43.23792700000195,43.23792700000195,0.00000000000000
2025-05-27 02:09:16,0.38180693069307,43.16181499999948,43.16181499999948,0.00000000000000
2025-05-27 02:09:17,0.26934795856185,42.17487999999867,42.17487999999867,0.00000000000000
2025-05-27 02:09:18,0.41358399029715,41.75190699999803,41.75190699999803,0.00000000000000
2025-05-27 02:09:19,0.39867310012063,41.36592200000450,41.36592200000450,0.00000000000000
2025-05-27 02:09:20,0.41421856639248,41.21821700000146,41.21821700000146,0.00000000000000
2025-05-27 02:09:21,0.48529411764706,40.61177399999724,40.61177399999724,0.00000000000000
2025-05-27 02:09:22,0.38480392156863,43.65003399999841,43.65003399999841,0.00000000000000
2025-05-27 02:09:23,0.28024316109422,42.28211900000315,42.28211900000315,0.00000000000000
2025-05-27 02:09:24,0.32144979203803,40.86940199999663,40.86940199999663,0.00000000000000
2025-05-27 02:09:25,0.47725964306275,41.05171400000108,41.05171400000108,0.00000000000000
2025-05-27 02:09:26,0.42648774795799,40.06410599999799,40.06410599999799,0.00000000000000
2025-05-27 02:09:27,0.49594438006952,41.87434400000348,41.87434400000348,0.00000000000000
2025-05-27 02:09:28,0.52127659574468,41.99940400000196,41.99940400000196,0.00000000000000
2025-05-27 02:09:29,0.39212121212121,43.62885599999572,43.62885599999572,0.00000000000000
2025-05-27 02:09:30,0.32282996432818,42.74787600000127,42.74787600000127,0.00000000000000
2025-05-27 02:09:31,0.32897862232779,40.45686700000078,40.45686700000078,0.00000000000000
2025-05-27 02:09:32,0.48762824381412,41.67903099999967,41.67903099999967,0.00000000000000
2025-05-27 02:09:33,0.36160188457008,40.21510700000363,40.21510700000363,0.00000000000000
2025-05-27 02:09:34,0.37463471654004,40.88691900000413,40.88691900000413,0.00000000000000
2025-05-27 02:09:35,0.50000000000000,42.38227699999698,42.38227699999698,0.00000000000000
2025-05-27 02:09:36,0.57168246445498,43.70417299999826,43.70417299999826,0.00000000000000
2025-05-27 02:09:37,0.52031063321386,44.11463300000469,44.11463300000469,0.00000000000000
2025-05-27 02:09:38,0.45504994450610,44.51862299999630,44.51862299999630,0.00000000000000
2025-05-27 02:09:39,0.30361445783133,42.48634099999617,42.48634099999617,0.00000000000000
2025-05-27 02:09:40,0.45293072824156,41.89241000000038,41.89241000000038,0.00000000000000
2025-05-27 02:09:41,0.42597087378641,42.48152000000118,42.48152000000118,0.00000000000000
2025-05-27 02:09:42,0.38078291814947,40.99238799999875,40.99238799999875,0.00000000000000
2025-05-27 02:09:43,0.52475845410628,42.82197199999791,42.82197199999791,0.00000000000000
2025-05-27 02:09:44,0.43028846153846,43.06147500000225,43.06147500000225,0.00000000000000
2025-05-27 02:09:45,0.30833833233353,42.27308500000072,42.27308500000072,0.00000000000000
2025-05-27 02:09:46,0.28623629719854,42.18012900000031,42.18012900000031,0.00000000000000
2025-05-27 02:09:47,0.42689371697005,41.24305800000002,41.24305800000002,0.00000000000000
2025-05-27 02:09:48,0.45000000000000,40.32930399999896,40.32930399999896,0.00000000000000
2025-05-27 02:09:49,0.38140643623361,41.28273099999933,41.28273099999933,0.00000000000000
2025-05-27 02:09:50,0.47346200241255,41.90656999999919,41.90656999999919,0.00000000000000
2025-05-27 02:09:51,0.43238326258338,43.69343099999969,43.69343099999969,0.00000000000000
2025-05-27 02:09:52,0.27115503397159,42.23597599999630,42.23597599999630,0.00000000000000
2025-05-27 02:09:53,0.33393393393393,41.64509600000019,41.64509600000019,0.00000000000000
2025-05-27 02:09:54,0.46658851113716,41.00386199999775,41.00386199999775,0.00000000000000
2025-05-27 02:09:55,0.38759689922481,42.45942500000092,42.45942500000092,0.00000000000000
2025-05-27 02:09:56,0.40486587648160,42.12129100000311,42.12129100000311,0.00000000000000
2025-05-27 02:09:57,0.47613293051360,42.99244400000316,42.99244400000316,0.00000000000000
2025-05-27 02:09:58,0.31850961538462,42.38648799999646,42.38648799999646,0.00000000000000
2025-05-27 02:09:59,0.32790837854129,43.16022900000098,43.16022900000098,0.00000000000000
2025-05-27 02:10:00,0.41569086651054,41.34584100000211,41.34584100000211,0.00000000000000
2025-05-27 02:10:01,0.46411483253589,42.31281899999885,42.31281899999885,0.00000000000000
2025-05-27 02:10:02,0.40996602491506,40.48103699999774,40.48103699999774,0.00000000000000
2025-05-27 02:10:03,0.52434881087203,41.19557299999724,41.19557299999724,0.00000000000000
2025-05-27 02:10:04,0.50652431791222,44.40070399999968,44.40070399999968,0.00000000000000
2025-05-27 02:10:05,0.31741233373640,42.63929600000120,42.63929600000120,0.00000000000000
2025-05-27 02:10:06,0.27115503397159,41.70173600000271,41.70173600000271,0.00000000000000
2025-05-27 02:10:07,0.45400238948626,41.04615999999805,41.04615999999805,0.00000000000000
2025-05-27 02:10:08,0.40936374549820,40.01491199999873,40.01491199999873,0.00000000000000
2025-05-27 02:10:09,0.50805008944544,42.75398000000132,42.75398000000132,0.00000000000000
2025-05-27 02:10:10,0.55032757593806,42.68299600000319,42.68299600000319,0.00000000000000
2025-05-27 02:10:11,0.36163714111179,42.93989299999521,42.93989299999521,0.00000000000000
2025-05-27 02:10:12,0.26231527093596,42.15192999999999,42.15192999999999,0.00000000000000
2025-05-27 02:10:13,0.35988538681948,40.47200400000293,40.47200400000293,0.00000000000000
2025-05-27 02:10:14,0.47664104080426,41.36347999999998,41.36347999999998,0.00000000000000
2025-05-27 02:10:15,0.38953488372093,40.54024099999515,40.54024099999515,0.00000000000000
2025-05-27 02:10:16,0.46107784431138,41.93220400000428,41.93220400000428,0.00000000000000
2025-05-27 02:10:17,0.42260869565217,42.77345000000059,42.77345000000059,0.00000000000000
2025-05-27 02:10:18,0.32875894988067,42.80201500000112,42.80201500000112,0.00000000000000
2025-05-27 02:10:19,0.31261101243339,42.24781700000312,42.24781700000312,0.00000000000000
2025-05-27 02:10:20,0.44950952106174,41.61994899999991,41.61994899999991,0.00000000000000
2025-05-27 02:10:21,0.42382928275044,42.12446499999351,42.12446499999351,0.00000000000000
2025-05-27 02:10:22,0.41459177764910,41.22187899999699,41.22187899999699,0.00000000000000
2025-05-27 02:10:23,0.43038740920097,42.74049099999684,42.74049099999684,0.00000000000000
2025-05-27 02:10:24,0.45369794903667,43.76349900000059,43.76349900000059,0.00000000000000
2025-05-27 02:10:25,0.28263546798030,42.65290600000299,42.65290600000299,0.00000000000000
2025-05-27 02:10:26,0.36678403755869,41.82520999999542,41.82520999999542,0.00000000000000
2025-05-27 02:10:27,0.40262843488650,41.21370100000058,41.21370100000058,0.00000000000000
2025-05-27 02:10:28,0.39485458612975,39.39345399999729,39.39345399999729,0.00000000000000
2025-05-27 02:10:29,0.51732237228420,41.78584300000512,41.78584300000512,0.00000000000000
2025-05-27 02:10:30,0.57988165680473,42.89265099999466,42.89265099999466,0.00000000000000
2025-05-27 02:10:31,0.35234093637455,43.21156000000337,43.21156000000337,0.00000000000000
2025-05-27 02:10:32,0.26873065015480,42.08466999999655,42.08466999999655,0.00000000000000
2025-05-27 02:10:33,0.41915492957746,40.83674900000187,40.83674900000187,0.00000000000000
2025-05-27 02:10:34,0.46779859484778,41.43550099999993,41.43550099999993,0.00000000000000
2025-05-27 02:10:35,0.39145299145299,39.20467300000018,39.20467300000018,0.00000000000000
2025-05-27 02:10:36,0.50363196125908,42.87415799999872,42.87415799999872,0.00000000000000
2025-05-27 02:10:37,0.63788819875776,44.60773499999777,44.60773499999777,0.00000000000000
2025-05-27 02:10:38,0.36014405762305,42.86482000000251,42.86482000000251,0.00000000000000
2025-05-27 02:10:39,0.28864734299517,42.04359299999487,42.04359299999487,0.00000000000000
2025-05-27 02:10:40,0.41253731343284,41.63154600000416,41.63154600000416,0.00000000000000
2025-05-27 02:10:41,0.45859508852085,40.35866199999873,40.35866199999873,0.00000000000000
2025-05-27 02:10:42,0.39800117577895,41.64216599999781,41.64216599999781,0.00000000000000
2025-05-27 02:10:43,0.46100116414435,41.32862900000327,41.32862900000327,0.00000000000000
2025-05-27 02:10:44,0.59113300492611,45.13135499999771,45.13135499999771,0.00000000000000
2025-05-27 02:10:45,0.26184538653367,42.08131300000241,42.08131300000241,0.00000000000000
2025-05-27 02:10:46,0.33878787878788,41.82514899999660,41.82514899999660,0.00000000000000
2025-05-27 02:10:47,0.43317702227433,40.51906199999939,40.51906199999939,0.00000000000000
2025-05-27 02:10:48,0.40423031727380,40.53706599999714,40.53706599999714,0.00000000000000
2025-05-27 02:10:49,0.54186046511628,41.64875800000300,41.64875800000300,0.00000000000000
2025-05-27 02:10:50,0.62230437461491,44.63031800000317,44.63031800000317,0.00000000000000
2025-05-27 02:10:51,0.34750462107209,42.75574999999662,42.75574999999662,0.00000000000000
2025-05-27 02:10:52,0.27909811090798,42.19666899999720,42.19666899999720,0.00000000000000
2025-05-27 02:10:53,0.41920903954802,39.92580099999759,39.92580099999759,0.00000000000000
2025-05-27 02:10:54,0.46674445740957,41.19417000000249,41.19417000000249,0.00000000000000
2025-05-27 02:10:55,0.34968263127525,39.66139699999621,39.66139699999621,0.00000000000000
2025-05-27 02:10:56,0.32569077013521,38.81868699999904,38.81868699999904,0.00000000000000
2025-05-27 02:10:57,0.48081534772182,41.70069900000090,41.70069900000090,0.00000000000000
2025-05-27 02:10:58,0.62649089767734,44.52838899999915,44.52838899999915,0.00000000000000
2025-05-27 02:10:59,0.49410304158908,43.80817699999898,43.80817699999898,0.00000000000000
2025-05-27 02:11:00,0.50778443113772,44.09034100000281,44.09034100000281,0.00000000000000
2025-05-27 02:11:01,0.30534351145038,42.11677400000190,42.11677400000190,0.00000000000000
2025-05-27 02:11:02,0.40311004784689,43.32007999999769,43.32007999999769,0.00000000000000
2025-05-27 02:11:03,0.47607934655776,41.69148200000200,41.69148200000200,0.00000000000000
2025-05-27 02:11:04,0.39444115907747,40.35933300000033,40.35933300000033,0.00000000000000
2025-05-27 02:11:05,0.41848145968217,40.99934599999688,40.99934599999688,0.00000000000000
2025-05-27 02:11:06,0.48337028824834,39.83937500000320,39.83937500000320,0.00000000000000
2025-05-27 02:11:07,0.57512315270936,45.20960099999502,45.20960099999502,0.00000000000000
2025-05-27 02:11:08,0.36409679234665,43.56037400000059,43.56037400000059,0.00000000000000
2025-05-27 02:11:09,0.36873638344227,42.00300499999867,42.00300499999867,0.00000000000000
2025-05-27 02:11:10,0.47188995215311,41.56556699999783,41.56556699999783,0.00000000000000
2025-05-27 02:11:11,0.41128563118092,40.13612800000556,40.13612800000556,0.00000000000000
2025-05-27 02:11:12,0.43580683156655,41.45930499999668,41.45930499999668,0.00000000000000
2025-05-27 02:11:13,0.46733372572101,41.18074199999683,41.18074199999683,0.00000000000000
2025-05-27 02:11:14,0.42475865985236,43.58490999999776,43.58490999999776,0.00000000000000
2025-05-27 02:11:15,0.28761329305136,42.35963300000003,42.35963300000003,0.00000000000000
2025-05-27 02:11:16,0.35343787696019,41.83985899999971,41.83985899999971,0.00000000000000
2025-05-27 02:11:17,0.43126843657817,41.96125700000266,41.96125700000266,0.00000000000000
2025-05-27 02:11:18,0.36800962116657,41.06703299999936,41.06703299999936,0.00000000000000
2025-05-27 02:11:19,0.50242718446602,43.06135200000426,43.06135200000426,0.00000000000000
2025-05-27 02:11:20,0.47720364741641,43.71534199999587,43.71534199999587,0.00000000000000
2025-05-27 02:11:21,0.29969418960245,41.98249800000485,41.98249800000485,0.00000000000000
2025-05-27 02:11:22,0.30823947836396,42.35590899999806,42.35590899999806,0.00000000000000
2025-05-27 02:11:23,0.43936624009750,40.65175199999794,40.65175199999794,0.00000000000000
2025-05-27 02:11:24,0.37895995218171,39.90077700000256,39.90077700000256,0.00000000000000
2025-05-27 02:11:25,0.41456077015644,41.15034600000217,41.15034600000217,0.00000000000000
2025-05-27 02:11:26,0.43218249075216,40.80440000000090,40.80440000000090,0.00000000000000
2025-05-27 02:11:27,0.61483253588517,45.76978000000236,45.76978000000236,0.00000000000000
2025-05-27 02:11:28,0.31134401972873,42.51789699999790,42.51789699999790,0.00000000000000
2025-05-27 02:11:29,0.34063981042654,42.51185400000395,42.51185400000395,0.00000000000000
2025-05-27 02:11:30,0.47407870081199,42.48823399999674,42.48823399999674,0.00000000000000
2025-05-27 02:11:31,0.37968561064087,39.36037300000316,39.36037300000316,0.00000000000000
2025-05-27 02:11:32,0.30769230769231,39.04469999999856,39.04469999999856,0.00000000000000
2025-05-27 02:11:33,0.41147741147741,41.58125299999665,41.58125299999665,0.00000000000000
2025-05-27 02:11:34,0.52634841909485,44.16034800000489,44.16034800000489,0.00000000000000
2025-05-27 02:11:35,0.58816199376947,43.11353699999745,43.11353699999745,0.00000000000000
2025-05-27 02:11:36,0.34862385321101,43.04823000000033,43.04823000000033,0.00000000000000
2025-05-27 02:11:37,0.35111111111111,42.67786899999919,42.67786899999919,0.00000000000000
2025-05-27 02:11:38,0.41574344023324,43.07032400000026,43.07032400000026,0.00000000000000
2025-05-27 02:11:39,0.44197530864198,43.35645700000168,43.35645700000168,0.00000000000000
2025-05-27 02:11:40,0.39364889155183,39.57564399999683,39.57564399999683,0.00000000000000
2025-05-27 02:11:41,0.39788293897883,42.38831899999786,42.38831899999786,0.00000000000000
2025-05-27 02:11:42,0.49244712990937,44.10810200000560,44.10810200000560,0.00000000000000
2025-05-27 02:11:43,0.32521847690387,43.04688699999679,43.04688699999679,0.00000000000000
2025-05-27 02:11:44,0.29546827794562,42.61811599999783,42.61811599999783,0.00000000000000
2025-05-27 02:11:45,0.36754176610979,40.32716700000310,40.32716700000310,0.00000000000000
2025-05-27 02:11:46,0.44705882352941,41.96198999999615,41.96198999999615,0.00000000000000
2025-05-27 02:11:47,0.33090024330900,40.88502700000390,40.88502700000390,0.00000000000000
2025-05-27 02:11:48,0.42136854741897,41.03846899999917,41.03846899999917,0.00000000000000
2025-05-27 02:11:49,0.41836105976587,42.94654499999888,42.94654499999888,0.00000000000000
2025-05-27 02:11:50,0.27239488117002,41.86970500000461,41.86970500000461,0.00000000000000
2025-05-27 02:11:51,0.29030303030303,41.87147499999992,41.87147499999992,0.00000000000000
2025-05-27 02:11:52,0.45219000616903,41.05220199999894,41.05220199999894,0.00000000000000
2025-05-27 02:11:53,0.37402285027060,40.94209499999852,40.94209499999852,0.00000000000000
2025-05-27 02:11:54,0.49907120743034,41.82020500000363,41.82020500000363,0.00000000000000
2025-05-27 02:11:55,0.58128078817734,43.79639699999825,43.79639699999825,0.00000000000000
2025-05-27 02:11:56,0.34028203556101,42.78815900000336,42.78815900000336,0.00000000000000
2025-05-27 02:11:57,0.29022465088039,42.23072699999466,42.23072699999466,0.00000000000000
2025-05-27 02:11:58,0.35446153846154,40.70454700000118,40.70454700000118,0.00000000000000
2025-05-27 02:11:59,0.42693236714976,40.97212399999989,40.97212399999989,0.00000000000000
2025-05-27 02:12:00,0.37647058823529,38.87410699999600,38.87410699999600,0.00000000000000
2025-05-27 02:12:01,0.46690734055355,41.09248500000103,41.09248500000103,0.00000000000000
2025-05-27 02:12:02,0.41448189762797,41.64448599999741,41.64448599999741,0.00000000000000
2025-05-27 02:12:03,0.49035469819540,42.98371500000212,42.98371500000212,0.00000000000000
2025-05-27 02:12:04,0.58906633906634,44.49091400000179,44.49091400000179,0.00000000000000
2025-05-27 02:12:05,0.29153986609860,42.33881999999721,42.33881999999721,0.00000000000000
2025-05-27 02:12:06,0.29668304668305,42.53211800000281,42.53211800000281,0.00000000000000
2025-05-27 02:12:07,0.41850490196078,39.85243700000137,39.85243700000137,0.00000000000000
2025-05-27 02:12:08,0.42638036809816,41.34803799999645,41.34803799999645,0.00000000000000
2025-05-27 02:12:09,0.38320049049663,40.89644100000442,40.89644100000442,0.00000000000000
2025-05-27 02:12:10,0.41818181818182,42.55744699999923,42.55744699999923,0.00000000000000
2025-05-27 02:12:11,0.35872235872236,43.57239899999695,43.57239899999695,0.00000000000000
2025-05-27 02:12:12,0.26057633353771,42.35340700000233,42.35340700000233,0.00000000000000
2025-05-27 02:12:13,0.36266499057197,42.44532600000093,42.44532600000093,0.00000000000000
2025-05-27 02:12:14,0.44457904300424,40.99501199999941,40.99501199999941,0.00000000000000
2025-05-27 02:12:15,0.38582677165354,40.10493899999710,40.10493899999710,0.00000000000000
2025-05-27 02:12:16,0.50648548486720,42.03706299999612,42.03706299999612,0.00000000000000
2025-05-27 02:12:17,0.61486898232785,45.26062600000296,45.26062600000296,0.00000000000000
2025-05-27 02:12:18,0.31006794317480,42.78931900000316,42.78931900000316,0.00000000000000
2025-05-27 02:12:19,0.28728606356968,44.74366000000009,44.74366000000009,0.00000000000000
2025-05-27 02:12:20,0.47633495145631,44.44544299999689,44.44544299999689,0.00000000000000
2025-05-27 02:12:21,0.42741433021807,43.41407299999992,43.41407299999992,0.00000000000000
2025-05-27 02:12:22,0.44183168316832,44.39661499999784,44.39661499999784,0.00000000000000
2025-05-27 02:12:23,0.48105134474328,44.20734500000253,44.20734500000253,0.00000000000000
2025-05-27 02:12:24,0.58171912832930,46.99267800000234,46.99267800000234,0.00000000000000
2025-05-27 02:12:25,0.47531231409875,45.66180899999745,45.66180899999745,0.00000000000000
2025-05-27 02:12:26,0.37019790454016,44.80475599999772,44.80475599999772,0.00000000000000
2025-05-27 02:12:27,0.48958333333333,43.88147900000331,43.88147900000331,0.00000000000000
2025-05-27 02:12:28,0.43341553637485,42.77558699999645,42.77558699999645,0.00000000000000
2025-05-27 02:12:29,0.41292639138241,40.59413400000631,40.59413400000631,0.00000000000000
2025-05-27 02:12:30,0.42394014962594,42.61597999999503,42.61597999999503,0.00000000000000
2025-05-27 02:12:31,0.46633724521309,44.20148600000539,44.20148600000539,0.00000000000000
2025-05-27 02:12:32,0.30642201834862,42.98499699999957,42.98499699999957,0.00000000000000
2025-05-27 02:12:33,0.27481389578164,42.00550800000201,42.00550800000201,0.00000000000000
2025-05-27 02:12:34,0.45914634146341,42.32923699999810,42.32923699999810,0.00000000000000
2025-05-27 02:12:35,0.43678160919540,40.92384599999787,40.92384599999787,0.00000000000000
2025-05-27 02:12:36,0.29782082324455,39.84804299999814,39.84804299999814,0.00000000000000
2025-05-27 02:12:37,0.39814241486068,41.15486299999611,41.15486299999611,0.00000000000000
2025-05-27 02:12:38,0.57898049087476,44.87244300000020,44.87244300000020,0.00000000000000
2025-05-27 02:12:39,0.44477791116447,41.12025600000197,41.12025600000197,0.00000000000000
2025-05-27 02:12:40,0.49411764705882,44.21411999999691,44.21411999999691,0.00000000000000
2025-05-27 02:12:41,0.33110164333536,42.71253699999943,42.71253699999943,0.00000000000000
2025-05-27 02:12:42,0.39063462723352,42.99830300000031,42.99830300000031,0.00000000000000
2025-05-27 02:12:43,0.36953883495146,41.32850799999869,41.32850799999869,0.00000000000000
2025-05-27 02:12:44,0.35895883777240,39.36043400000199,39.36043400000199,0.00000000000000
2025-05-27 02:12:45,0.40435835351090,41.65028400000301,41.65028400000301,0.00000000000000
2025-05-27 02:12:46,0.50590318772137,45.66089399999328,45.66089399999328,0.00000000000000
2025-05-27 02:12:47,0.54952830188679,47.39276200000313,47.39276200000313,0.00000000000000
2025-05-27 02:12:48,0.31987767584098,42.99976800000150,42.99976800000150,0.00000000000000
2025-05-27 02:12:49,0.57900741585853,49.67620299999544,49.67620299999544,0.00000000000000
2025-05-27 02:12:50,0.64482378854626,51.46459000000323,51.46459000000323,0.00000000000000
2025-05-27 02:12:51,0.64640267707752,51.04393700000219,51.04393700000219,0.00000000000000
2025-05-27 02:12:52,0.52725250278087,49.14159800000198,49.14159800000198,0.00000000000000
2025-05-27 02:12:53,0.43112701252236,46.06805899999745,46.06805899999745,0.00000000000000
2025-05-27 02:12:54,0.80187573270809,55.06699700000172,55.06699700000172,0.00000000000000
2025-05-27 02:12:55,0.69213226909920,54.65733100000216,54.65733100000216,0.00000000000000
2025-05-27 02:12:56,0.60800470865215,49.17760799999814,49.17760799999814,0.00000000000000
2025-05-27 02:12:57,0.44376528117359,44.64978800000245,44.64978800000245,0.00000000000000
2025-05-27 02:12:58,0.32344033918837,42.52412300000287,42.52412300000287,0.00000000000000
2025-05-27 02:12:59,0.46001202645821,41.91218500000105,41.91218500000105,0.00000000000000
2025-05-27 02:13:00,0.29803688280785,39.12721899999451,39.12721899999451,0.00000000000000
2025-05-27 02:13:01,0.38470657972733,44.91602300000523,44.91602300000523,0.00000000000000
2025-05-27 02:13:02,0.71178793006204,54.91105300000345,54.91105300000345,0.00000000000000
2025-05-27 02:13:03,0.62051569506726,53.91923500000121,53.91923500000121,0.00000000000000
2025-05-27 02:13:04,0.53535943892461,47.74590999999782,47.74590999999782,0.00000000000000
2025-05-27 02:13:05,0.39478471801092,40.71303099999932,40.71303099999932,0.00000000000000
2025-05-27 02:13:06,0.29363207547170,38.20143999999709,38.20143999999709,0.00000000000000
2025-05-27 02:13:07,0.35343283582090,41.47035300000425,41.47035300000425,0.00000000000000
2025-05-27 02:13:08,0.28231707317073,38.94985199999792,38.94985199999792,0.00000000000000
2025-05-27 02:13:09,0.42925948223961,41.86030500000197,41.86030500000197,0.00000000000000
2025-05-27 02:13:10,0.35464414957780,40.25392500000453,40.25392500000453,0.00000000000000
2025-05-27 02:13:11,0.48925721301412,42.08521999999357,42.08521999999357,0.00000000000000
2025-05-27 02:13:12,0.40976514215080,44.51227700000163,44.51227700000163,0.00000000000000
2025-05-27 02:13:13,0.27980535279805,42.28822199999559,42.28822199999559,0.00000000000000
2025-05-27 02:13:14,0.29535864978903,42.24799999999959,42.24799999999959,0.00000000000000
2025-05-27 02:13:15,0.40227817745803,40.34260899999936,40.34260899999936,0.00000000000000
2025-05-27 02:13:16,0.38563669281835,40.37123400000564,40.37123400000564,0.00000000000000
2025-05-27 02:13:17,0.43848964677223,40.95588899999711,40.95588899999711,0.00000000000000
2025-05-27 02:13:18,0.39409722222222,45.38477199999761,45.38477199999761,0.00000000000000
2025-05-27 02:13:19,0.55138121546961,49.11303300000145,49.11303300000145,0.00000000000000
2025-05-27 02:13:20,0.47390776699029,44.97162599999865,44.97162599999865,0.00000000000000
2025-05-27 02:13:21,0.73278879813302,51.18230300000141,51.18230300000141,0.00000000000000
2025-05-27 02:13:22,0.70322939866370,51.50108899999759,51.50108899999759,0.00000000000000
2025-05-27 02:13:23,0.68255748738082,51.18718600000284,51.18718600000284,0.00000000000000
2025-05-27 02:13:24,0.49908144519290,46.47088899999653,46.47088899999653,0.00000000000000
2025-05-27 02:13:25,0.81287970838396,55.32462700000178,55.32462700000178,0.00000000000000
2025-05-27 02:13:26,0.67762399077278,54.78971499999898,54.78971499999898,0.00000000000000
2025-05-27 02:13:27,0.73288915808601,50.66185799999948,50.66185799999948,0.00000000000000
2025-05-27 02:13:28,0.65661538461538,46.86541900000157,46.86541900000157,0.00000000000000
2025-05-27 02:13:29,0.43906919779547,45.51825499999541,45.51825499999541,0.00000000000000
2025-05-27 02:13:30,0.45065398335315,47.11596799999825,47.11596799999825,0.00000000000000
2025-05-27 02:13:31,0.39951130116066,43.74097700000129,43.74097700000129,0.00000000000000
2025-05-27 02:13:32,0.40897908979090,44.20764999999665,44.20764999999665,0.00000000000000
2025-05-27 02:13:33,0.34666666666667,43.29560499999934,43.29560499999934,0.00000000000000
2025-05-27 02:13:34,0.36318407960199,44.30170500000531,44.30170500000531,0.00000000000000
2025-05-27 02:13:35,0.54252733900365,46.81451599999855,46.81451599999855,0.00000000000000
2025-05-27 02:13:36,0.45476923076923,44.66120200000296,44.66120200000296,0.00000000000000
2025-05-27 02:13:37,0.34796044499382,43.31580699999904,43.31580699999904,0.00000000000000
2025-05-27 02:13:38,0.33191747572816,43.84992400000192,43.84992400000192,0.00000000000000
2025-05-27 02:13:39,0.47495361781076,44.12049300000217,44.12049300000217,0.00000000000000
2025-05-27 02:13:40,0.53111250785669,44.99018000000069,44.99018000000069,0.00000000000000
2025-05-27 02:13:41,0.67345679012346,46.75049099999887,46.75049099999887,0.00000000000000
2025-05-27 02:13:42,0.35714285714286,45.04651600000216,45.04651600000216,0.00000000000000
2025-05-27 02:13:43,0.40433212996390,46.27850699999544,46.27850699999544,0.00000000000000
2025-05-27 02:13:44,0.40900678593461,44.02918399999908,44.02918399999908,0.00000000000000
2025-05-27 02:13:45,0.34005037783375,43.41132700000162,43.41132700000162,0.00000000000000
2025-05-27 02:13:46,0.43930991990142,43.83832699999766,43.83832699999766,0.00000000000000
2025-05-27 02:13:47,0.38329238329238,43.88685100000293,43.88685100000293,0.00000000000000
2025-05-27 02:13:48,0.45006016847172,45.80182399999467,45.80182399999467,0.00000000000000
2025-05-27 02:13:49,0.54014598540146,47.05780200000299,47.05780200000299,0.00000000000000
2025-05-27 02:13:50,0.54476301930954,49.07970900000510,49.07970900000510,0.00000000000000
2025-05-27 02:13:51,0.44601769911504,47.34924399999727,47.34924399999727,0.00000000000000
2025-05-27 02:13:52,0.45151515151515,46.33154600000125,46.33154600000125,0.00000000000000
2025-05-27 02:13:53,0.45786864931846,45.02728999999817,45.02728999999817,0.00000000000000
2025-05-27 02:13:54,0.51308581862447,43.58161400000245,43.58161400000245,0.00000000000000
2025-05-27 02:13:55,0.52933753943218,44.69867700000032,44.69867700000032,0.00000000000000
2025-05-27 02:13:56,0.57803121248499,47.72815000000264,47.72815000000264,0.00000000000000
2025-05-27 02:13:57,0.56716417910448,47.39624000000185,47.39624000000185,0.00000000000000
2025-05-27 02:13:58,0.39511584220413,45.42450599999574,45.42450599999574,0.00000000000000
2025-05-27 02:13:59,0.41043890865955,45.67328399999678,45.67328399999678,0.00000000000000
2025-05-27 02:14:00,0.37815656565657,44.07758499999909,44.07758499999909,0.00000000000000
2025-05-27 02:14:01,0.32538226299694,43.08173800000077,43.08173800000077,0.00000000000000
2025-05-27 02:14:02,0.43269821757837,44.64057199999661,44.64057199999661,0.00000000000000
2025-05-27 02:14:03,0.29408099688474,43.41260800000600,43.41260800000600,0.00000000000000
2025-05-27 02:14:04,0.42181818181818,44.15442800000164,44.15442800000164,0.00000000000000
2025-05-27 02:14:05,0.44730392156863,44.69666299999517,44.69666299999517,0.00000000000000
2025-05-27 02:14:06,0.52106567534077,45.80872100000124,45.80872100000124,0.00000000000000
2025-05-27 02:14:07,0.64518147684606,46.49084700000094,46.49084700000094,0.00000000000000
2025-05-27 02:14:08,0.34779987944545,45.04761500000313,45.04761500000313,0.00000000000000
2025-05-27 02:14:09,0.38075060532688,45.50183700000343,45.50183700000343,0.00000000000000
2025-05-27 02:14:10,0.43683883011823,45.33167099999991,45.33167099999991,0.00000000000000
2025-05-27 02:14:11,0.41292307692308,45.44891900000221,45.44891900000221,0.00000000000000
2025-05-27 02:14:12,0.60793746241732,50.34648999999627,50.34648999999627,0.00000000000000
2025-05-27 02:14:13,0.54205033763045,45.96112500000163,45.96112500000163,0.00000000000000
2025-05-27 02:14:14,0.63451481696688,48.79131800000323,48.79131800000323,0.00000000000000
2025-05-27 02:14:15,0.76179516685846,51.30455599999550,51.30455599999550,0.00000000000000
2025-05-27 02:14:16,0.75028184892897,51.88982100000430,51.88982100000430,0.00000000000000
2025-05-27 02:14:17,0.73460246360582,51.24913599999854,51.24913599999854,0.00000000000000
2025-05-27 02:14:18,0.72281690140845,52.49199299999600,52.49199299999600,0.00000000000000
2025-05-27 02:14:19,0.78873239436620,52.95518699999957,52.95518699999957,0.00000000000000
2025-05-27 02:14:20,0.79453681710214,52.65336899999966,52.65336899999966,0.00000000000000
2025-05-27 02:14:21,0.72531939605110,53.67368999999599,53.67368999999599,0.00000000000000
2025-05-27 02:14:22,0.63605823068309,52.89531200000056,52.89531200000056,0.00000000000000
2025-05-27 02:14:23,0.64050493962678,52.86448799999926,52.86448799999926,0.00000000000000
2025-05-27 02:14:24,0.75669383003492,53.45555099999910,53.45555099999910,0.00000000000000
2025-05-27 02:14:25,0.78600114744693,54.22715600000083,54.22715600000083,0.00000000000000
2025-05-27 02:14:26,0.72560275545350,54.18809399999736,54.18809399999736,0.00000000000000
2025-05-27 02:14:27,0.71161473087819,53.35820100000274,53.35820100000274,0.00000000000000
2025-05-27 02:14:28,0.65454545454545,53.43516599999566,53.43516599999566,0.00000000000000
2025-05-27 02:14:29,0.66499162479062,54.05137599999580,54.05137599999580,0.00000000000000
2025-05-27 02:14:30,0.54385964912281,49.64293900000484,49.64293900000484,0.00000000000000
2025-05-27 02:14:31,0.39819819819820,44.81391099999746,44.81391099999746,0.00000000000000
2025-05-27 02:14:32,0.34917733089580,45.02741199999582,45.02741199999582,0.00000000000000
2025-05-27 02:14:33,0.43734939759036,44.88635900000372,44.88635900000372,0.00000000000000
2025-05-27 02:14:34,0.52134696331930,48.24121000000014,48.24121000000014,0.00000000000000
2025-05-27 02:14:35,0.53703703703704,46.80914499999926,46.80914499999926,0.00000000000000
2025-05-27 02:14:36,0.62256349675133,48.57427699999971,48.57427699999971,0.00000000000000
2025-05-27 02:14:37,0.75420875420875,51.67314700000134,51.67314700000134,0.00000000000000
2025-05-27 02:14:38,0.74585950885208,52.22826000000350,52.22826000000350,0.00000000000000
2025-05-27 02:14:39,0.72390188248716,52.06346499999927,52.06346499999927,0.00000000000000
2025-05-27 02:14:40,0.85846724351051,52.54344499999570,52.54344499999570,0.00000000000000
2025-05-27 02:14:41,0.88017031630170,52.27861300000222,52.27861300000222,0.00000000000000
2025-05-27 02:14:42,0.72466216216216,52.79423800000222,52.79423800000222,0.00000000000000
2025-05-27 02:14:43,0.70417827298050,52.80821399999695,52.80821399999695,0.00000000000000
2025-05-27 02:14:44,0.73905723905724,53.21653900000092,53.21653900000092,0.00000000000000
2025-05-27 02:14:45,0.65603028664143,53.29277100000036,53.29277100000036,0.00000000000000
2025-05-27 02:14:46,0.72682660850600,54.08653200000117,54.08653200000117,0.00000000000000
2025-05-27 02:14:47,0.78238039673279,53.84672499999579,53.84672499999579,0.00000000000000
2025-05-27 02:14:48,0.71875000000000,53.29203799999959,53.29203799999959,0.00000000000000
2025-05-27 02:14:49,0.67829880043621,53.42607200000202,53.42607200000202,0.00000000000000
2025-05-27 02:14:50,0.66827956989247,53.66825799999788,53.66825799999788,0.00000000000000
2025-05-27 02:14:51,0.73119469026549,53.58158900000126,53.58158900000126,0.00000000000000
2025-05-27 02:14:52,0.63508391987006,52.89451800000097,52.89451800000097,0.00000000000000
2025-05-27 02:14:53,0.49970255800119,46.32660300000134,46.32660300000134,0.00000000000000
2025-05-27 02:14:54,0.41102456560815,45.74255899999844,45.74255899999844,0.00000000000000
2025-05-27 02:14:55,0.38861689106487,44.63709200000449,44.63709200000449,0.00000000000000
2025-05-27 02:14:56,0.40317654245571,45.39099699999497,45.39099699999497,0.00000000000000
2025-05-27 02:14:57,0.45532963647566,44.66236200000276,44.66236200000276,0.00000000000000
2025-05-27 02:14:58,0.41553637484587,43.69349199999851,43.69349199999851,0.00000000000000
2025-05-27 02:14:59,0.59630292188432,48.00237900000502,48.00237900000502,0.00000000000000
2025-05-27 02:15:00,0.71744186046512,49.77489699999569,49.77489699999569,0.00000000000000
2025-05-27 02:15:01,0.56834975369458,46.31518900000083,46.31518900000083,0.00000000000000
2025-05-27 02:15:02,0.59565479782740,46.53833299999678,46.53833299999678,0.00000000000000
2025-05-27 02:15:03,0.48277909738717,46.58826000000408,46.58826000000408,0.00000000000000
2025-05-27 02:15:04,0.43708206686930,45.58636999999726,45.58636999999726,0.00000000000000
2025-05-27 02:15:05,0.38664323374341,44.91803700000310,44.91803700000310,0.00000000000000
2025-05-27 02:15:06,0.39656194427979,44.43158799999946,44.43158799999946,0.00000000000000
2025-05-27 02:15:07,0.63333333333333,49.86388599999918,49.86388599999918,0.00000000000000
2025-05-27 02:15:08,0.44929317762754,44.44739600000321,44.44739600000321,0.00000000000000
2025-05-27 02:15:09,0.55840286054827,47.35290600000008,47.35290600000008,0.00000000000000
2025-05-27 02:15:10,0.75013758943313,52.07585600000311,52.07585600000311,0.00000000000000
2025-05-27 02:15:11,0.77280453257790,52.14573999999993,52.14573999999993,0.00000000000000
2025-05-27 02:15:12,0.73284589426322,51.58488999999827,51.58488999999827,0.00000000000000
2025-05-27 02:15:13,0.69682444577591,49.92516500000056,49.92516500000056,0.00000000000000
2025-05-27 02:15:14,0.72528805336568,49.25451299999986,49.25451299999986,0.00000000000000
2025-05-27 02:15:15,0.75612472160356,54.00083799999993,54.00083799999993,0.00000000000000
2025-05-27 02:15:16,0.70401337792642,54.34068100000150,54.34068100000150,0.00000000000000
2025-05-27 02:15:17,0.68337004405286,54.16642599999614,54.16642599999614,0.00000000000000
2025-05-27 02:15:18,0.64388092613010,51.91814100000192,51.91814100000192,0.00000000000000
2025-05-27 02:15:19,0.46417998815867,46.27783600000112,46.27783600000112,0.00000000000000
2025-05-27 02:15:20,0.43262839879154,45.91766799999459,45.91766799999459,0.00000000000000
2025-05-27 02:15:21,0.37719830200121,44.82227300000523,44.82227300000523,0.00000000000000
2025-05-27 02:15:22,0.44055522027761,44.41193499999645,44.41193499999645,0.00000000000000
2025-05-27 02:15:23,0.59404828747894,50.08922700000403,50.08922700000403,0.00000000000000
2025-05-27 02:15:24,0.51200937316930,48.50622400000429,48.50622400000429,0.00000000000000
2025-05-27 02:15:25,0.46939988116459,45.66931599999953,45.66931599999953,0.00000000000000
2025-05-27 02:15:26,0.43946731234867,44.13422599999467,44.13422599999467,0.00000000000000
2025-05-27 02:15:27,0.43869047619048,41.44557200000418,41.44557200000418,0.00000000000000
2025-05-27 02:15:28,0.48805256869773,43.90607699999964,43.90607699999964,0.00000000000000
2025-05-27 02:15:29,0.52517985611511,45.39484200000152,45.39484200000152,0.00000000000000
2025-05-27 02:15:30,0.34034876728803,42.93507099999988,42.93507099999988,0.00000000000000
2025-05-27 02:15:31,0.44121212121212,44.23206399999617,44.23206399999617,0.00000000000000
2025-05-27 02:15:32,0.56257822277847,45.32788699999946,45.32788699999946,0.00000000000000
2025-05-27 02:15:33,0.44651442307692,44.37415400000464,44.37415400000464,0.00000000000000
2025-05-27 02:15:34,0.51774785801714,46.41937600000529,46.41937600000529,0.00000000000000
2025-05-27 02:15:35,0.46396123561478,45.69141099999979,45.69141099999979,0.00000000000000
2025-05-27 02:15:36,0.46717918391484,45.69696499999554,45.69696499999554,0.00000000000000
2025-05-27 02:15:37,0.43501170960187,44.65113099999871,44.65113099999871,0.00000000000000
2025-05-27 02:15:38,0.47214076246334,43.65693200000533,43.65693200000533,0.00000000000000
2025-05-27 02:15:39,0.38194444444444,43.79834999999730,43.79834999999730,0.00000000000000
2025-05-27 02:15:40,0.43709771796372,44.69770100000460,44.69770100000460,0.00000000000000
2025-05-27 02:15:41,0.41829689298044,45.82770199999504,45.82770199999504,0.00000000000000
2025-05-27 02:15:42,0.33603238866397,44.70569600000454,44.70569600000454,0.00000000000000
2025-05-27 02:15:43,0.33771428571429,44.71387499999400,44.71387499999400,0.00000000000000
2025-05-27 02:15:44,0.33847031963470,44.50214399999822,44.50214399999822,0.00000000000000
2025-05-27 02:15:45,0.34514816966880,44.65943200000038,44.65943200000038,0.00000000000000
2025-05-27 02:15:46,0.32767700409596,44.25721100000374,44.25721100000374,0.00000000000000
2025-05-27 02:15:47,0.39565741857660,44.60266899999988,44.60266899999988,0.00000000000000
2025-05-27 02:15:48,0.69263285024155,48.42925800000376,48.42925800000376,0.00000000000000
2025-05-27 02:15:49,0.45263788968825,43.37256899999920,43.37256899999920,0.00000000000000
2025-05-27 02:15:50,0.61574896388396,47.96996999999828,47.96996999999828,0.00000000000000
2025-05-27 02:15:51,0.42745535714286,47.70257599999604,47.70257599999604,0.00000000000000
2025-05-27 02:15:52,0.42286036036036,47.42016700000386,47.42016700000386,0.00000000000000
2025-05-27 02:15:53,0.41276115189159,46.82208499999979,46.82208499999979,0.00000000000000
2025-05-27 02:15:54,0.37733773377338,45.30933199999708,45.30933199999708,0.00000000000000
2025-05-27 02:15:55,0.36657060518732,44.76795200000197,44.76795200000197,0.00000000000000
2025-05-27 02:15:56,0.37072349971957,45.01160299999901,45.01160299999901,0.00000000000000
2025-05-27 02:15:57,0.57948410317936,47.00018499999715,47.00018499999715,0.00000000000000
2025-05-27 02:15:58,0.52316715542522,45.89844200000516,45.89844200000516,0.00000000000000
2025-05-27 02:15:59,0.42781998831093,43.77320399999735,43.77320399999735,0.00000000000000
2025-05-27 02:16:00,0.45056920311564,44.13550699999905,44.13550699999905,0.00000000000000
2025-05-27 02:16:01,0.52261613691932,45.12311400000181,45.12311400000181,0.00000000000000
2025-05-27 02:16:02,0.59927579963790,46.61847200000193,46.61847200000193,0.00000000000000
2025-05-27 02:16:03,0.40483205657042,45.35895400000300,45.35895400000300,0.00000000000000
2025-05-27 02:16:04,0.40641399416910,45.62115999999514,45.62115999999514,0.00000000000000
2025-05-27 02:16:05,0.38776722090261,43.51642900000297,43.51642900000297,0.00000000000000
2025-05-27 02:16:06,0.52767749699158,44.59137699999701,44.59137699999701,0.00000000000000
2025-05-27 02:16:07,0.35339233038348,43.00507800000196,43.00507800000196,0.00000000000000
2025-05-27 02:16:08,0.39266706091070,43.82081099999778,43.82081099999778,0.00000000000000
2025-05-27 02:16:09,0.39517518667433,45.35547500000393,45.35547500000393,0.00000000000000
2025-05-27 02:16:10,0.37095859330686,44.87464100000216,44.87464100000216,0.00000000000000
2025-05-27 02:16:11,0.37213403880071,44.90936900000088,44.90936900000088,0.00000000000000
2025-05-27 02:16:12,0.34048723897912,44.48487200000091,44.48487200000091,0.00000000000000
2025-05-27 02:16:13,0.35431654676259,44.77069800000027,44.77069800000027,0.00000000000000
2025-05-27 02:16:14,0.35023584905660,44.64569900000060,44.64569900000060,0.00000000000000
2025-05-27 02:16:15,0.52279455298993,46.57922600000165,46.57922600000165,0.00000000000000
2025-05-27 02:16:16,0.51177856301531,44.43402899999637,44.43402899999637,0.00000000000000
2025-05-27 02:16:17,0.36137440758294,43.30585900000005,43.30585900000005,0.00000000000000
2025-05-27 02:16:18,0.45842956120092,43.25080500000331,43.25080500000331,0.00000000000000
2025-05-27 02:16:19,0.48437500000000,44.59229300000152,44.59229300000152,0.00000000000000
2025-05-27 02:16:20,0.62700369913687,46.50561799999559,46.50561799999559,0.00000000000000
2025-05-27 02:16:21,0.48057381948595,44.74585800000204,44.74585800000204,0.00000000000000
2025-05-27 02:16:22,0.39444115907747,44.13691000000108,44.13691000000108,0.00000000000000
2025-05-27 02:16:23,0.39075630252101,43.99909399999888,43.99909399999888,0.00000000000000
2025-05-27 02:16:24,0.44353070175439,39.02736600000208,39.02736600000208,0.00000000000000
2025-05-27 02:16:25,0.33260153677278,38.49654499999451,38.49654499999451,0.00000000000000
2025-05-27 02:16:26,0.37304800462695,41.37220800000068,41.37220800000068,0.00000000000000
2025-05-27 02:16:27,0.26798561151079,42.08143600000039,42.08143600000039,0.00000000000000
2025-05-27 02:16:28,0.24173180998196,41.71510300000227,41.71510300000227,0.00000000000000
2025-05-27 02:16:29,0.26996424314660,42.28199599999789,42.28199599999789,0.00000000000000
2025-05-27 02:16:30,0.28279883381924,42.05201600000146,42.05201600000146,0.00000000000000
2025-05-27 02:16:31,0.31437125748503,42.56245199999830,42.56245199999830,0.00000000000000
2025-05-27 02:16:32,0.48231132075472,44.15601500000048,44.15601500000048,0.00000000000000
2025-05-27 02:16:33,0.39988186650916,41.51777700000093,41.51777700000093,0.00000000000000
2025-05-27 02:16:34,0.36664826062949,39.81544999999460,39.81544999999460,0.00000000000000
2025-05-27 02:16:35,0.38330393885949,41.58027600000059,41.58027600000059,0.00000000000000
2025-05-27 02:16:36,0.45927209705373,41.58033799999976,41.58033799999976,0.00000000000000
2025-05-27 02:16:37,0.54310344827586,44.74591800000053,44.74591800000053,0.00000000000000
2025-05-27 02:16:38,0.32057416267943,42.34571700000379,42.34571700000379,0.00000000000000
2025-05-27 02:16:39,0.30369928400955,42.16309999999794,42.16309999999794,0.00000000000000
2025-05-27 02:16:40,0.43102461362335,40.63923899999645,40.63923899999645,0.00000000000000
2025-05-27 02:16:41,0.40413318025258,40.42885100000422,40.42885100000422,0.00000000000000
2025-05-27 02:16:42,0.34021164021164,38.09792500000185,38.09792500000185,0.00000000000000
2025-05-27 02:16:43,0.30792682926829,42.56648099999438,42.56648099999438,0.00000000000000
2025-05-27 02:16:44,0.28108426635239,41.98091000000568,41.98091000000568,0.00000000000000
2025-05-27 02:16:45,0.21901323706378,41.54579199999716,41.54579199999716,0.00000000000000
2025-05-27 02:16:46,0.23459006582885,41.52369799999724,41.52369799999724,0.00000000000000
2025-05-27 02:16:47,0.27229488703924,41.66877699999895,41.66877699999895,0.00000000000000
2025-05-27 02:16:48,0.39204212990053,42.43446200000471,42.43446200000471,0.00000000000000
2025-05-27 02:16:49,0.48355452971725,42.27998200000002,42.27998200000002,0.00000000000000
2025-05-27 02:16:50,0.33111480865225,38.34725299999991,38.34725299999991,0.00000000000000
2025-05-27 02:16:51,0.38496071829405,39.59279399999650,39.59279399999650,0.00000000000000
2025-05-27 02:16:52,0.44967242406194,43.03785400000197,43.03785400000197,0.00000000000000
2025-05-27 02:16:53,0.37560096153846,43.12427900000330,43.12427900000330,0.00000000000000
2025-05-27 02:16:54,0.27516778523490,42.03993099999934,42.03993099999934,0.00000000000000
2025-05-27 02:16:55,0.32905484247375,42.35163699999976,42.35163699999976,0.00000000000000
2025-05-27 02:16:56,0.43622597553873,40.96626499999547,40.96626499999547,0.00000000000000
2025-05-27 02:16:57,0.40124858115778,40.56734000000142,40.56734000000142,0.00000000000000
2025-05-27 02:16:58,0.35361414456578,38.16689400000178,38.16689400000178,0.00000000000000
2025-05-27 02:16:59,0.34272019173158,43.69245400000364,43.69245400000364,0.00000000000000
2025-05-27 02:17:00,0.25415676959620,41.43586800000048,41.43586800000048,0.00000000000000
2025-05-27 02:17:01,0.24940476190476,41.71858200000133,41.71858200000133,0.00000000000000
2025-05-27 02:17:02,0.26247798003523,42.42371999999887,42.42371999999887,0.00000000000000
2025-05-27 02:17:03,0.30011723329426,42.48115299999336,42.48115299999336,0.00000000000000
2025-05-27 02:17:04,0.36295871559633,41.47609000000375,41.47609000000375,0.00000000000000
2025-05-27 02:17:05,0.46144927536232,42.38178899999912,42.38178899999912,0.00000000000000
2025-05-27 02:17:06,0.35480349344978,38.76662399999623,38.76662399999623,0.00000000000000
2025-05-27 02:17:07,0.39700166574125,39.83070900000166,39.83070900000166,0.00000000000000
2025-05-27 02:17:08,0.37205387205387,40.01094500000181,40.01094500000181,0.00000000000000
2025-05-27 02:17:09,0.41892671667628,40.07997500000056,40.07997500000056,0.00000000000000
2025-05-27 02:17:10,0.59187386294724,44.41364400000020,44.41364400000020,0.00000000000000
2025-05-27 02:17:11,0.31924019607843,42.49775499999669,42.49775499999669,0.00000000000000
2025-05-27 02:17:12,0.61390440720050,44.91614500000287,44.91614500000287,0.00000000000000
2025-05-27 02:17:13,0.35421686746988,42.73634099999617,42.73634099999617,0.00000000000000
2025-05-27 02:17:14,0.36969696969697,42.88288599999942,42.88288599999942,0.00000000000000
2025-05-27 02:17:15,0.45343422584400,41.83741700000246,41.83741700000246,0.00000000000000
2025-05-27 02:17:16,0.40247178936056,38.88094300000375,38.88094300000375,0.00000000000000
2025-05-27 02:17:17,0.32676709154114,40.27717999999732,40.27717999999732,0.00000000000000
2025-05-27 02:17:18,0.31828978622328,42.62885799999640,42.62885799999640,0.00000000000000
2025-05-27 02:17:19,0.22735562310030,41.80757100000483,41.80757100000483,0.00000000000000
2025-05-27 02:17:20,0.24317768344451,41.41481099999510,41.41481099999510,0.00000000000000
2025-05-27 02:17:21,0.36099585062241,42.13215500000661,42.13215500000661,0.00000000000000
2025-05-27 02:17:22,0.49819494584838,43.81403600000340,43.81403600000340,0.00000000000000
2025-05-27 02:17:23,0.38760631834751,40.83918999999878,40.83918999999878,0.00000000000000
2025-05-27 02:17:24,0.61371841155235,45.19342699999834,45.19342699999834,0.00000000000000
2025-05-27 02:17:25,0.60387984981227,43.51526900000317,43.51526900000317,0.00000000000000
2025-05-27 02:17:26,0.42359882005900,41.90193200000067,41.90193200000067,0.00000000000000
2025-05-27 02:17:27,0.40906307409675,42.00263899999845,42.00263899999845,0.00000000000000
2025-05-27 02:17:28,0.34332925336597,42.25428700000339,42.25428700000339,0.00000000000000
2025-05-27 02:17:29,0.34996993385448,43.05665300000692,43.05665300000692,0.00000000000000
2025-05-27 02:17:30,0.36737160120846,41.57893399999739,41.57893399999739,0.00000000000000
2025-05-27 02:17:31,0.56220657276995,46.27679799999896,46.27679799999896,0.00000000000000
2025-05-27 02:17:32,0.49560632688928,43.87616900000285,43.87616900000285,0.00000000000000
2025-05-27 02:17:33,0.41798298906440,43.31440399999701,43.31440399999701,0.00000000000000
2025-05-27 02:17:34,0.37635054021609,41.62947100000019,41.62947100000019,0.00000000000000
2025-05-27 02:17:35,0.24438040345821,37.31557900000189,37.31557900000189,0.00000000000000
2025-05-27 02:17:36,0.32063672541217,38.57106799999747,38.57106799999747,0.00000000000000
2025-05-27 02:17:37,0.36210892236385,40.24043600000005,40.24043600000005,0.00000000000000
2025-05-27 02:17:38,0.68620689655172,49.24902000000293,49.24902000000293,0.00000000000000
2025-05-27 02:17:39,0.71428571428571,50.75212800000008,50.75212800000008,0.00000000000000
2025-05-27 02:17:40,0.57500000000000,48.74712900000304,48.74712900000304,0.00000000000000
2025-05-27 02:17:41,0.46428571428571,47.69201600000088,47.69201600000088,0.00000000000000
2025-05-27 02:17:42,0.56608054452638,50.70122500000434,50.70122500000434,0.00000000000000
2025-05-27 02:17:43,0.38500563697858,39.59584599999653,39.59584599999653,0.00000000000000
2025-05-27 02:17:44,0.39020172910663,39.96260500000062,39.96260500000062,0.00000000000000
2025-05-27 02:17:45,0.40265742345465,40.30153299999802,40.30153299999802,0.00000000000000
2025-05-27 02:17:46,0.62056074766355,45.36572800000431,45.36572800000431,0.00000000000000
2025-05-27 02:17:47,0.52222222222222,41.46620299999631,41.46620299999631,0.00000000000000
2025-05-27 02:17:48,0.40588595953403,43.26258400000370,43.26258400000370,0.00000000000000
2025-05-27 02:17:49,0.35951834862385,42.52900499999669,42.52900499999669,0.00000000000000
2025-05-27 02:17:50,0.36341611144761,42.48274000000674,42.48274000000674,0.00000000000000
2025-05-27 02:17:51,0.45454545454545,43.72016400000575,43.72016400000575,0.00000000000000
2025-05-27 02:17:52,0.48178137651822,48.85668699999951,48.85668699999951,0.00000000000000
2025-05-27 02:17:53,0.23086269744836,41.67213400000037,41.67213400000037,0.00000000000000
2025-05-27 02:17:54,0.26639102185470,41.66865600000165,41.66865600000165,0.00000000000000
2025-05-27 02:17:55,0.25568862275449,40.49385400000028,40.49385400000028,0.00000000000000
2025-05-27 02:17:56,0.42782305005821,41.23603899999580,41.23603899999580,0.00000000000000
2025-05-27 02:17:57,0.41326841144248,41.13246300000174,41.13246300000174,0.00000000000000
2025-05-27 02:17:58,0.19397590361446,37.32070599999861,37.32070599999861,0.00000000000000
2025-05-27 02:17:59,0.45835726593912,42.67103299999872,42.67103299999872,0.00000000000000
2025-05-27 02:18:00,0.73362930077691,50.68291400000453,50.68291400000453,0.00000000000000
2025-05-27 02:18:01,0.82071005917160,51.65898600000219,51.65898600000219,0.00000000000000
2025-05-27 02:18:02,0.78197674418605,51.46434600000066,51.46434600000066,0.00000000000000
2025-05-27 02:18:03,0.75072129255626,52.34123600000021,52.34123600000021,0.00000000000000
2025-05-27 02:18:04,0.75397727272727,53.29020699999819,53.29020699999819,0.00000000000000
2025-05-27 02:18:05,0.79550691244240,53.23277400000370,53.23277400000370,0.00000000000000
2025-05-27 02:18:06,0.69565217391304,54.28001299999596,54.28001299999596,0.00000000000000
2025-05-27 02:18:07,0.68637110016420,53.51915000000008,53.51915000000008,0.00000000000000
2025-05-27 02:18:08,0.68280467445743,52.98594900000171,52.98594900000171,0.00000000000000
2025-05-27 02:18:09,0.61139028475712,50.24749100000190,50.24749100000190,0.00000000000000
2025-05-27 02:18:10,0.68533487297921,53.25639399999636,53.25639399999636,0.00000000000000
2025-05-27 02:18:11,0.68071312803890,53.81486500000028,53.81486500000028,0.00000000000000
2025-05-27 02:18:12,0.61899563318777,52.72886900000594,52.72886900000594,0.00000000000000
2025-05-27 02:18:13,0.58490566037736,51.33855199999380,51.33855199999380,0.00000000000000
2025-05-27 02:18:14,0.31905648665425,42.83772000000317,42.83772000000317,0.00000000000000
2025-05-27 02:18:15,0.33570581257414,40.88978800000041,40.88978800000041,0.00000000000000
2025-05-27 02:18:16,0.56374269005848,44.83173299999908,44.83173299999908,0.00000000000000
2025-05-27 02:18:17,0.46820809248555,43.79890000000159,43.79890000000159,0.00000000000000
2025-05-27 02:18:18,0.36825980392157,43.23719400000118,43.23719400000118,0.00000000000000
2025-05-27 02:18:19,0.41996348143640,43.83283400000073,43.83283400000073,0.00000000000000
2025-05-27 02:18:20,0.28972520908005,41.59992999999668,41.59992999999668,0.00000000000000
2025-05-27 02:18:21,0.30545876887340,41.72523499999807,41.72523499999807,0.00000000000000
2025-05-27 02:18:22,0.33353293413174,42.42811400000210,42.42811400000210,0.00000000000000
2025-05-27 02:18:23,0.55425219941349,45.82044000000315,45.82044000000315,0.00000000000000
2025-05-27 02:18:24,0.71412618648800,50.96111199999723,50.96111199999723,0.00000000000000
2025-05-27 02:18:25,0.64712153518124,50.67729900000268,50.67729900000268,0.00000000000000
2025-05-27 02:18:26,0.44735311227458,44.69373300000007,44.69373300000007,0.00000000000000
2025-05-27 02:18:27,0.65126760563380,52.94804599999770,52.94804599999770,0.00000000000000
2025-05-27 02:18:28,0.45816266822703,44.58551799999987,44.58551799999987,0.00000000000000
2025-05-27 02:18:29,0.42948717948718,40.78248900000472,40.78248900000472,0.00000000000000
2025-05-27 02:18:30,0.30112625963248,40.64204600000085,40.64204600000085,0.00000000000000
2025-05-27 02:18:31,0.28033980582524,42.21327099999326,42.21327099999326,0.00000000000000
2025-05-27 02:18:32,0.49384164222874,44.51734200000647,44.51734200000647,0.00000000000000
2025-05-27 02:18:33,0.35287152161042,40.82838699999411,40.82838699999411,0.00000000000000
2025-05-27 02:18:34,0.47728579643473,42.68513199999870,42.68513199999870,0.00000000000000
2025-05-27 02:18:35,0.65694282380397,49.40551299999788,49.40551299999788,0.00000000000000
2025-05-27 02:18:36,0.58787878787879,44.06147200000123,44.06147200000123,0.00000000000000
2025-05-27 02:18:37,0.48966331955109,41.06001500000275,41.06001500000275,0.00000000000000
2025-05-27 02:18:38,0.42394624312767,43.90961599999719,43.90961599999719,0.00000000000000
2025-05-27 02:18:39,0.31674757281553,42.51777500000026,42.51777500000026,0.00000000000000
2025-05-27 02:18:40,0.34042553191489,42.01325899999938,42.01325899999938,0.00000000000000
2025-05-27 02:18:41,0.45476049674749,42.76447800000460,42.76447800000460,0.00000000000000
2025-05-27 02:18:42,0.51755900978699,42.73115200000029,42.73115200000029,0.00000000000000
2025-05-27 02:18:43,0.50146799765120,43.45460099999764,43.45460099999764,0.00000000000000
2025-05-27 02:18:44,0.35276621058894,40.47261399999843,40.47261399999843,0.00000000000000
2025-05-27 02:18:45,0.36342321219226,40.44240100000025,40.44240100000025,0.00000000000000
2025-05-27 02:18:46,0.33233711894800,40.72328500000003,40.72328500000003,0.00000000000000
2025-05-27 02:18:47,0.34443783462225,40.43739600000117,40.43739600000117,0.00000000000000
2025-05-27 02:18:48,0.52257336343115,47.00885199999902,47.00885199999902,0.00000000000000
2025-05-27 02:18:49,0.74929418407679,50.68096099999821,50.68096099999821,0.00000000000000
2025-05-27 02:18:50,0.74177071509648,51.40538600000582,51.40538600000582,0.00000000000000
2025-05-27 02:18:51,0.64478986758779,50.05065399999876,50.05065399999876,0.00000000000000
2025-05-27 02:18:52,0.72848837209302,52.49797399999807,52.49797399999807,0.00000000000000
2025-05-27 02:18:53,0.80356083086053,55.05765899999824,55.05765899999824,0.00000000000000
2025-05-27 02:18:54,0.71346375143843,52.76524600000266,52.76524600000266,0.00000000000000
2025-05-27 02:18:55,0.49269183922046,44.53296699999919,44.53296699999919,0.00000000000000
2025-05-27 02:18:56,0.40371925614877,45.16608299999643,45.16608299999643,0.00000000000000
2025-05-27 02:18:57,0.23926014319809,41.82673600000271,41.82673600000271,0.00000000000000
2025-05-27 02:18:58,0.36870830806549,43.02979700000287,43.02979700000287,0.00000000000000
2025-05-27 02:18:59,0.57916421424367,45.46362899999804,45.46362899999804,0.00000000000000
2025-05-27 02:19:00,0.39010356731876,41.32228199999372,41.32228199999372,0.00000000000000
2025-05-27 02:19:01,0.46551724137931,42.88801200000307,42.88801200000307,0.00000000000000
2025-05-27 02:19:02,0.37107692307692,41.81660499999998,41.81660499999998,0.00000000000000
2025-05-27 02:19:03,0.55365566037736,44.16907599999831,44.16907599999831,0.00000000000000
2025-05-27 02:19:04,0.58784991066111,42.58399700000155,42.58399700000155,0.00000000000000
2025-05-27 02:19:05,0.43347131874630,42.09345899999607,42.09345899999607,0.00000000000000
2025-05-27 02:19:06,0.29825616355983,42.17018000000098,42.17018000000098,0.00000000000000
2025-05-27 02:19:07,0.22801697998787,41.73316999999952,41.73316999999952,0.00000000000000
2025-05-27 02:19:08,0.42554443790465,41.14473100000032,41.14473100000032,0.00000000000000
2025-05-27 02:19:09,0.47368421052632,42.21882500000356,42.21882500000356,0.00000000000000
2025-05-27 02:19:10,0.40672074159907,41.55720499999734,41.55720499999734,0.00000000000000
2025-05-27 02:19:11,0.45219941348974,41.53547699999763,41.53547699999763,0.00000000000000
2025-05-27 02:19:12,0.45174418604651,42.08790500000032,42.08790500000032,0.00000000000000
2025-05-27 02:19:13,0.48447568834212,41.39472999999998,41.39472999999998,0.00000000000000
2025-05-27 02:19:14,0.45199761478831,41.98786900000414,41.98786900000414,0.00000000000000
2025-05-27 02:19:15,0.45608721986675,43.32667099999526,43.32667099999526,0.00000000000000
2025-05-27 02:19:16,0.31364190012180,42.90577400000620,42.90577400000620,0.00000000000000
2025-05-27 02:19:17,0.29647630619684,42.67957899999601,42.67957899999601,0.00000000000000
2025-05-27 02:19:18,0.36091549295775,40.16664499999752,40.16664499999752,0.00000000000000
2025-05-27 02:19:19,0.33073229291717,42.14436200000637,42.14436200000637,0.00000000000000
2025-05-27 02:19:20,0.23086124401914,40.67293099999370,40.67293099999370,0.00000000000000
2025-05-27 02:19:21,0.31720116618076,40.83613800000603,40.83613800000603,0.00000000000000
2025-05-27 02:19:22,0.30791450028885,40.66530099999363,40.66530099999363,0.00000000000000
2025-05-27 02:19:23,0.48948948948949,42.82795500000066,42.82795500000066,0.00000000000000
2025-05-27 02:19:24,0.58086847073631,43.32392399999662,43.32392399999662,0.00000000000000
2025-05-27 02:19:25,0.38480096501809,41.16401900000346,41.16401900000346,0.00000000000000
2025-05-27 02:19:26,0.46976175931582,43.94959399999789,43.94959399999789,0.00000000000000
2025-05-27 02:19:27,0.26746268656716,41.79261799999949,41.79261799999949,0.00000000000000
2025-05-27 02:19:28,0.26734449760766,41.61482299999625,41.61482299999625,0.00000000000000
2025-05-27 02:19:29,0.45574954846478,42.96473300000071,42.96473300000071,0.00000000000000
2025-05-27 02:19:30,0.43908181283108,41.32136700000410,41.32136700000410,0.00000000000000
2025-05-27 02:19:31,0.35479951397327,41.32350199999928,41.32350199999928,0.00000000000000
2025-05-27 02:19:32,0.44484629294756,41.24983299999440,41.24983299999440,0.00000000000000
2025-05-27 02:19:33,0.50357995226730,42.52485500000330,42.52485500000330,0.00000000000000
2025-05-27 02:19:34,0.56343956704750,42.72559799999726,42.72559799999726,0.00000000000000
2025-05-27 02:19:35,0.51814988290398,43.12299800000619,43.12299800000619,0.00000000000000
2025-05-27 02:19:36,0.37194412107101,43.45899500000087,43.45899500000087,0.00000000000000
2025-05-27 02:19:37,0.22998193859121,41.62617499999760,41.62617499999760,0.00000000000000
2025-05-27 02:19:38,0.34119033588686,41.11842500000057,41.11842500000057,0.00000000000000
2025-05-27 02:19:39,0.51104477611940,41.93696500000078,41.93696500000078,0.00000000000000
2025-05-27 02:19:40,0.38606060606061,40.67750800000067,40.67750800000067,0.00000000000000
2025-05-27 02:19:41,0.40567711413365,39.52058899999975,39.52058899999975,0.00000000000000
2025-05-27 02:19:42,0.49156626506024,42.40638600000239,42.40638600000239,0.00000000000000
2025-05-27 02:19:43,0.43501805054152,41.97755399999733,41.97755399999733,0.00000000000000
2025-05-27 02:19:44,0.51250762660159,42.12025300000096,42.12025300000096,0.00000000000000
2025-05-27 02:19:45,0.45055588063195,42.17725999999675,42.17725999999675,0.00000000000000
2025-05-27 02:19:46,0.36454652532391,42.65473700000439,42.65473700000439,0.00000000000000
2025-05-27 02:19:47,0.28838049367851,42.05964600000152,42.05964600000152,0.00000000000000
2025-05-27 02:19:48,0.37139561707036,40.47944999999891,40.47944999999891,0.00000000000000
2025-05-27 02:19:49,0.35552840562004,41.78291300000274,41.78291300000274,0.00000000000000
2025-05-27 02:19:50,0.28771929824561,39.49465000000055,39.49465000000055,0.00000000000000
2025-05-27 02:19:51,0.30141643059490,39.78200300000026,39.78200300000026,0.00000000000000
2025-05-27 02:19:52,0.41415929203540,41.32008399999904,41.32008399999904,0.00000000000000
2025-05-27 02:19:53,0.62946979038224,43.77472899999702,43.77472899999702,0.00000000000000
2025-05-27 02:19:54,0.39419588875453,41.36213800000405,41.36213800000405,0.00000000000000
2025-05-27 02:19:55,0.65861214374226,44.69428299999709,44.69428299999709,0.00000000000000
2025-05-27 02:19:56,0.27594627594628,41.94355699999869,41.94355699999869,0.00000000000000
2025-05-27 02:19:57,0.31317365269461,42.33863700000074,42.33863700000074,0.00000000000000
2025-05-27 02:19:58,0.42536407766990,42.68989300000248,42.68989300000248,0.00000000000000
2025-05-27 02:19:59,0.51359516616314,42.78626800000347,42.78626800000347,0.00000000000000
2025-05-27 02:20:00,0.39514218009479,41.52680999999575,41.52680999999575,0.00000000000000
2025-05-27 02:20:01,0.60631834750911,45.70398399999976,45.70398399999976,0.00000000000000
2025-05-27 02:20:02,0.47930413917217,43.77436299999681,43.77436299999681,0.00000000000000
2025-05-27 02:20:03,0.53846153846154,45.26874400000088,45.26874400000088,0.00000000000000
2025-05-27 02:20:04,0.50905797101449,45.80304400000023,45.80304400000023,0.00000000000000
2025-05-27 02:20:05,0.41356139279169,44.79096199999913,44.79096199999913,0.00000000000000
2025-05-27 02:20:06,0.37225844694724,44.73444400000153,44.73444400000153,0.00000000000000
2025-05-27 02:20:07,0.43927492447130,44.69715100000030,44.69715100000030,0.00000000000000
2025-05-27 02:20:08,0.56073113207547,45.92383299999346,45.92383299999346,0.00000000000000
2025-05-27 02:20:09,0.37139423076923,41.10994100000244,41.10994100000244,0.00000000000000
2025-05-27 02:20:10,0.59587020648968,45.00409699999727,45.00409699999727,0.00000000000000
2025-05-27 02:20:11,0.68195534097767,46.01434699999663,46.01434699999663,0.00000000000000
2025-05-27 02:20:12,0.52480573819486,45.20185000000492,45.20185000000492,0.00000000000000
2025-05-27 02:20:13,0.38593272171254,43.02582899999834,43.02582899999834,0.00000000000000
2025-05-27 02:20:14,0.34474616292798,42.29658300000301,42.29658300000301,0.00000000000000
2025-05-27 02:20:15,0.28785158587672,40.32613000000129,40.32613000000129,0.00000000000000
2025-05-27 02:20:16,0.38813056379822,41.11268800000107,41.11268800000107,0.00000000000000
2025-05-27 02:20:17,0.43776307877330,41.53041099999973,41.53041099999973,0.00000000000000
2025-05-27 02:20:18,0.52166377816291,42.64698499999940,42.64698499999940,0.00000000000000
2025-05-27 02:20:19,0.60310880829016,44.55756400000246,44.55756400000246,0.00000000000000
2025-05-27 02:20:20,0.67500000000000,47.96240099999704,47.96240099999704,0.00000000000000
2025-05-27 02:20:21,0.57460799190693,43.21021699999983,43.21021699999983,0.00000000000000
2025-05-27 02:20:22,0.60225525371604,44.01996800000052,44.01996800000052,0.00000000000000
2025-05-27 02:20:23,0.48081477972525,42.41877599999862,42.41877599999862,0.00000000000000
2025-05-27 02:20:24,0.43889427740058,41.42768900000374,41.42768900000374,0.00000000000000
2025-05-27 02:20:25,0.50578034682081,41.07460200000060,41.07460200000060,0.00000000000000
2025-05-27 02:20:26,0.51708542713568,43.12140999999974,43.12140999999974,0.00000000000000
2025-05-27 02:20:27,0.55022947475778,43.69269899999927,43.69269899999927,0.00000000000000
2025-05-27 02:20:28,0.55065856129686,42.96430599999439,42.96430599999439,0.00000000000000
2025-05-27 02:20:29,0.45663890249878,40.13283200000296,40.13283200000296,0.00000000000000
2025-05-27 02:20:30,0.44722891566265,38.66487899999629,38.66487899999629,0.00000000000000
2025-05-27 02:20:31,0.42189781021898,38.85866500000702,38.85866500000702,0.00000000000000
2025-05-27 02:20:32,0.47283406754772,40.61409299999650,40.61409299999650,0.00000000000000
2025-05-27 02:20:33,0.45337159253945,38.72536499999842,38.72536499999842,0.00000000000000
2025-05-27 02:20:34,0.47582205029014,39.59895900000265,39.59895900000265,0.00000000000000
2025-05-27 02:20:35,0.48803589232303,42.91077799999766,42.91077799999766,0.00000000000000
2025-05-27 02:20:36,0.49975502204802,43.00776400000177,43.00776400000177,0.00000000000000
2025-05-27 02:20:37,0.42438790206433,41.77833500000270,41.77833500000270,0.00000000000000
2025-05-27 02:20:38,0.48586744639376,43.50922699999501,43.50922699999501,0.00000000000000
2025-05-27 02:20:39,0.56523929471033,43.84485900000436,43.84485900000436,0.00000000000000
2025-05-27 02:20:40,0.73863636363636,50.93273100000079,50.93273100000079,0.00000000000000
2025-05-27 02:20:41,0.68324022346369,52.09868199999619,52.09868199999619,0.00000000000000
2025-05-27 02:20:42,0.71168091168091,52.18352100000629,52.18352100000629,0.00000000000000
2025-05-27 02:20:43,0.73827020915772,54.18693499999790,54.18693499999790,0.00000000000000
2025-05-27 02:20:44,0.66629339305711,54.69236400000227,54.69236400000227,0.00000000000000
2025-05-27 02:20:45,0.65540166204986,54.20988399999624,54.20988399999624,0.00000000000000
2025-05-27 02:20:46,0.46332827516439,46.19556000000011,46.19556000000011,0.00000000000000
2025-05-27 02:20:47,0.48509615384615,40.15730700000131,40.15730700000131,0.00000000000000
2025-05-27 02:20:48,0.42384105960265,38.27986999999848,38.27986999999848,0.00000000000000
2025-05-27 02:20:49,0.42394504416094,39.21309599999950,39.21309599999950,0.00000000000000
2025-05-27 02:20:50,0.43714821763602,39.03676500000438,39.03676500000438,0.00000000000000
2025-05-27 02:20:51,0.73734533183352,53.18022299999575,53.18022299999575,0.00000000000000
2025-05-27 02:20:52,0.84710743801653,53.99705399999948,53.99705399999948,0.00000000000000
2025-05-27 02:20:53,0.86987522281640,54.73283100000117,54.73283100000117,0.00000000000000
2025-05-27 02:20:54,0.79115044247788,50.62718999999925,50.62718999999925,0.00000000000000
2025-05-27 02:20:55,0.82429245283019,54.75626799999736,54.75626799999736,0.00000000000000
2025-05-27 02:20:56,0.77674418604651,54.59122999999818,54.59122999999818,0.00000000000000
2025-05-27 02:20:57,0.71669477234401,53.66026299999794,53.66026299999794,0.00000000000000
2025-05-27 02:20:58,0.65626772546795,51.88030000000435,51.88030000000435,0.00000000000000
2025-05-27 02:20:59,0.71717755928282,51.77867599999445,51.77867599999445,0.00000000000000
2025-05-27 02:21:00,0.65197481396680,51.48546400000487,51.48546400000487,0.00000000000000
2025-05-27 02:21:01,0.66258351893096,51.43645299999480,51.43645299999480,0.00000000000000
2025-05-27 02:21:02,0.57492029755579,48.90997000000061,48.90997000000061,0.00000000000000
2025-05-27 02:21:03,0.45450024863252,44.13428600000043,44.13428600000043,0.00000000000000
2025-05-27 02:21:04,0.53963414634146,46.02533399999811,46.02533399999811,0.00000000000000
2025-05-27 02:21:05,0.66173120728929,54.46476500000426,54.46476500000426,0.00000000000000
2025-05-27 02:21:06,0.65714285714286,54.34098699999595,54.34098699999595,0.00000000000000
2025-05-27 02:21:07,0.64654703643284,52.86033800000587,52.86033800000587,0.00000000000000
2025-05-27 02:21:08,0.73905628197840,51.85454299999401,51.85454299999401,0.00000000000000
2025-05-27 02:21:09,0.67413887370148,50.97985000000335,50.97985000000335,0.00000000000000
2025-05-27 02:21:10,0.38510848126233,38.86806399999477,38.86806399999477,0.00000000000000
2025-05-27 02:21:11,0.56288343558282,45.52374799999961,45.52374799999961,0.00000000000000
2025-05-27 02:21:12,0.70791527313266,50.82256300000154,50.82256300000154,0.00000000000000
2025-05-27 02:21:13,0.54761904761905,46.60162599999603,46.60162599999603,0.00000000000000
2025-05-27 02:21:14,0.35269492412350,38.53798700000334,38.53798700000334,0.00000000000000
2025-05-27 02:21:15,0.37659033078880,39.73061099999904,39.73061099999904,0.00000000000000
2025-05-27 02:21:16,0.32702149437052,37.34115200000087,37.34115200000087,0.00000000000000
2025-05-27 02:21:17,0.30439330543933,36.47610300000088,36.47610300000088,0.00000000000000
2025-05-27 02:21:18,0.51089845826688,41.67091399999481,41.67091399999481,0.00000000000000
2025-05-27 02:21:19,0.58480243161094,44.71979500000452,44.71979500000452,0.00000000000000
2025-05-27 02:21:20,0.31279620853081,43.69550600000366,43.69550600000366,0.00000000000000
2025-05-27 02:21:21,0.22721822541966,41.27241599999979,41.27241599999979,0.00000000000000
2025-05-27 02:21:22,0.23936170212766,38.74080700000195,38.74080700000195,0.00000000000000
2025-05-27 02:21:23,0.18628030751035,36.45516700000007,36.45516700000007,0.00000000000000
2025-05-27 02:21:24,0.22254844392249,36.96377299999585,36.96377299999585,0.00000000000000
2025-05-27 02:21:25,0.52739313666466,45.15253400000074,45.15253400000074,0.00000000000000
2025-05-27 02:21:26,0.47217235188510,43.58136999999988,43.58136999999988,0.00000000000000
2025-05-27 02:21:27,0.35618932038835,42.84833999999682,42.84833999999682,0.00000000000000
2025-05-27 02:21:28,0.33491404860699,42.62373099999968,42.62373099999968,0.00000000000000
2025-05-27 02:21:29,0.41534856473345,40.94874800000252,40.94874800000252,0.00000000000000
2025-05-27 02:21:30,0.41141141141141,42.99201600000379,42.99201600000379,0.00000000000000
2025-05-27 02:21:31,0.49300503637381,46.49005499999475,46.49005499999475,0.00000000000000
2025-05-27 02:21:32,0.71936542669584,49.88170800000080,49.88170800000080,0.00000000000000
2025-05-27 02:21:33,0.71880199667221,49.78930099999707,49.78930099999707,0.00000000000000
2025-05-27 02:21:34,0.67767653758542,49.39751799999794,49.39751799999794,0.00000000000000
2025-05-27 02:21:35,0.67801857585139,46.95807100000093,46.95807100000093,0.00000000000000
2025-05-27 02:21:36,0.47355912061794,41.99061500000244,41.99061500000244,0.00000000000000
2025-05-27 02:21:37,0.46707692307692,44.28192999999737,44.28192999999737,0.00000000000000
2025-05-27 02:21:38,0.34101654846336,41.81184400001075,41.81184400001075,0.00000000000000
2025-05-27 02:21:39,0.32371983519717,41.96406500000739,41.96406500000739,0.00000000000000
2025-05-27 02:21:40,0.42012873025161,41.14930900000036,41.14930900000036,0.00000000000000
2025-05-27 02:21:41,0.36697247706422,40.58619899999758,40.58619899999758,0.00000000000000
2025-05-27 02:21:42,0.39563679245283,42.03462200000649,42.03462200000649,0.00000000000000
2025-05-27 02:21:43,0.57099697885196,42.45197900000494,42.45197900000494,0.00000000000000
2025-05-27 02:21:44,0.49511599511600,43.05616399999417,43.05616399999417,0.00000000000000
2025-05-27 02:21:45,0.61217183770883,42.31519900000421,42.31519900000421,0.00000000000000
2025-05-27 02:21:46,0.46742378959952,45.15051900000253,45.15051900000253,0.00000000000000
2025-05-27 02:21:47,0.33012627781118,42.06990000000224,42.06990000000224,0.00000000000000
2025-05-27 02:21:48,0.35701384708007,42.55329699999129,42.55329699999129,0.00000000000000
2025-05-27 02:21:49,0.48546511627907,42.31562600001052,42.31562600001052,0.00000000000000
2025-05-27 02:21:50,0.43816884661118,41.32411299999512,41.32411299999512,0.00000000000000
2025-05-27 02:21:51,0.56323185011710,45.96594700000423,45.96594700000423,0.00000000000000
2025-05-27 02:21:52,0.63905325443787,45.74927299999399,45.74927299999399,0.00000000000000
2025-05-27 02:21:53,0.50237812128419,41.63771100000304,41.63771100000304,0.00000000000000
2025-05-27 02:21:54,0.69137302551640,49.18810600000143,49.18810600000143,0.00000000000000
2025-05-27 02:21:55,0.57038391224863,42.22230399999535,42.22230399999535,0.00000000000000
2025-05-27 02:21:56,0.50029673590504,45.31470400000399,45.31470400000399,0.00000000000000
2025-05-27 02:21:57,0.52860548271752,46.86419799999567,46.86419799999567,0.00000000000000
2025-05-27 02:21:58,0.37625516834022,43.24805900000501,43.24805900000501,0.00000000000000
2025-05-27 02:21:59,0.48630952380952,42.71986100000504,42.71986100000504,0.00000000000000
2025-05-27 02:22:00,0.35017835909631,39.76155599999765,39.76155599999765,0.00000000000000
2025-05-27 02:22:01,0.34857482185273,40.64937099999224,40.64937099999224,0.00000000000000
2025-05-27 02:22:02,0.52415026833631,47.16363700000511,47.16363700000511,0.00000000000000
2025-05-27 02:22:03,0.41962174940898,41.09370500000659,41.09370500000659,0.00000000000000
2025-05-27 02:22:04,0.52264808362369,42.98951400000078,42.98951400000078,0.00000000000000
2025-05-27 02:22:05,0.63205417607223,51.26927799999248,51.26927799999248,0.00000000000000
2025-05-27 02:22:06,0.63573085846868,47.65033000000403,47.65033000000403,0.00000000000000
2025-05-27 02:22:07,0.58703703703704,44.15815099999600,44.15815099999600,0.00000000000000
2025-05-27 02:22:08,0.46674655482325,42.45381000000634,42.45381000000634,0.00000000000000
2025-05-27 02:22:09,0.52442002442002,42.68214199999056,42.68214199999056,0.00000000000000
2025-05-27 02:22:10,0.39739798935541,44.27350700000534,44.27350700000534,0.00000000000000
2025-05-27 02:22:11,0.29204614450516,41.60786499999813,41.60786499999813,0.00000000000000
2025-05-27 02:22:12,0.39009661835749,44.47266500000842,44.47266500000842,0.00000000000000
2025-05-27 02:22:13,0.40909090909091,40.07838799999445,40.07838799999445,0.00000000000000
2025-05-27 02:22:14,0.30675203725262,39.10610099999758,39.10610099999758,0.00000000000000
2025-05-27 02:22:15,0.46574553828440,44.79016899999988,44.79016899999988,0.00000000000000
2025-05-27 02:22:16,0.48234590065829,41.85957300000882,41.85957300000882,0.00000000000000
2025-05-27 02:22:17,0.45379146919431,42.01704299999983,42.01704299999983,0.00000000000000
2025-05-27 02:22:18,0.55452436194896,45.98700399999507,45.98700399999507,0.00000000000000
2025-05-27 02:22:19,0.55919540229885,43.86689200000546,43.86689200000546,0.00000000000000
2025-05-27 02:22:20,0.64281559045957,47.11682300000393,47.11682300000393,0.00000000000000
2025-05-27 02:22:21,0.45357941834452,41.96534599999723,41.96534599999723,0.00000000000000
2025-05-27 02:22:22,0.67309941520468,44.41089700000884,44.41089700000884,0.00000000000000
2025-05-27 02:22:23,0.55732122587968,47.18573199999810,47.18573199999810,0.00000000000000
2025-05-27 02:22:24,0.49802148106275,45.04431800000020,45.04431800000020,0.00000000000000
2025-05-27 02:22:25,0.41529745042493,42.27973799999745,42.27973799999745,0.00000000000000
2025-05-27 02:22:26,0.45520311630495,40.69710000000487,40.69710000000487,0.00000000000000
2025-05-27 02:22:27,0.38035811177428,39.68819200000144,39.68819200000144,0.00000000000000
2025-05-27 02:22:28,0.41910546659304,42.91334199999983,42.91334199999983,0.00000000000000
2025-05-27 02:22:29,0.59221658206430,43.80646799999522,43.80646799999522,0.00000000000000
2025-05-27 02:22:30,0.51229050279330,43.35547999999835,43.35547999999835,0.00000000000000
2025-05-27 02:22:31,0.45113197128658,40.62501799999154,40.62501799999154,0.00000000000000
2025-05-27 02:22:32,0.65033783783784,49.74621100000513,49.74621100000513,0.00000000000000
2025-05-27 02:22:33,0.54745762711864,47.10601999999199,47.10601999999199,0.00000000000000
2025-05-27 02:22:34,0.54298903635314,42.60554200000479,42.60554200000479,0.00000000000000
2025-05-27 02:22:35,0.50346820809249,43.39966900000582,43.39966900000582,0.00000000000000
2025-05-27 02:22:36,0.45660805445264,41.82398999998986,41.82398999998986,0.00000000000000
2025-05-27 02:22:37,0.52927799886299,46.89941600000020,46.89941600000020,0.00000000000000
2025-05-27 02:22:38,0.51340996168582,47.63214100000914,47.63214100000914,0.00000000000000
2025-05-27 02:22:39,0.38122171945701,42.89613100000133,42.89613100000133,0.00000000000000
2025-05-27 02:22:40,0.67494226327945,48.98980300000403,48.98980300000403,0.00000000000000
2025-05-27 02:22:41,0.74139844617092,54.41911200000322,54.41911200000322,0.00000000000000
2025-05-27 02:22:42,0.65412285556170,52.66282899999351,52.66282899999351,0.00000000000000
2025-05-27 02:22:43,0.44438170525127,42.72425600000133,42.72425600000133,0.00000000000000
2025-05-27 02:22:44,0.58923512747875,44.57209000000148,44.57209000000148,0.00000000000000
2025-05-27 02:22:45,0.44878324844369,41.02742199999921,41.02742199999921,0.00000000000000
2025-05-27 02:22:46,0.44735406437534,40.23756799999683,40.23756799999683,0.00000000000000
2025-05-27 02:22:47,0.56655480984340,47.21545499999775,47.21545499999775,0.00000000000000
2025-05-27 02:22:48,0.56814357823892,43.17585400000098,43.17585400000098,0.00000000000000
2025-05-27 02:22:49,0.71154997007780,49.61059100000421,49.61059100000421,0.00000000000000
2025-05-27 02:22:50,0.45939806927882,41.84986799999024,41.84986799999024,0.00000000000000
2025-05-27 02:22:51,0.66047591410331,43.94282000001112,43.94282000001112,0.00000000000000
2025-05-27 02:22:52,0.57158351409978,47.88232299999800,47.88232299999800,0.00000000000000
2025-05-27 02:22:53,0.66304937601736,53.18193199999223,53.18193199999223,0.00000000000000
2025-05-27 02:22:54,0.70741599073001,54.60154499999771,54.60154499999771,0.00000000000000
2025-05-27 02:22:55,0.64355895196507,53.32164100000227,53.32164100000227,0.00000000000000
2025-05-27 02:22:56,0.34364261168385,42.80561500000476,42.80561500000476,0.00000000000000
2025-05-27 02:22:57,0.51521984216460,44.02704800000356,44.02704800000356,0.00000000000000
2025-05-27 02:22:58,0.45186862967157,40.58992300000682,40.58992300000682,0.00000000000000
2025-05-27 02:22:59,0.56194690265487,43.64405399998941,43.64405399998941,0.00000000000000
2025-05-27 02:23:00,0.60044272274488,50.47496800000954,50.47496800000954,0.00000000000000
2025-05-27 02:23:01,0.58173618940248,44.67890199999965,44.67890199999965,0.00000000000000
2025-05-27 02:23:02,0.53575547866205,42.88502200000221,42.88502200000221,0.00000000000000
2025-05-27 02:23:03,0.70792926411865,48.79272199999832,48.79272199999832,0.00000000000000
2025-05-27 02:23:04,0.77771493212670,54.74845600000117,54.74845600000117,0.00000000000000
2025-05-27 02:23:05,0.67857142857143,54.91843799999333,54.91843799999333,0.00000000000000
2025-05-27 02:23:06,0.55120313374370,50.00463300000411,50.00463300000411,0.00000000000000
2025-05-27 02:23:07,0.40342857142857,42.53968599998916,42.53968599998916,0.00000000000000
2025-05-27 02:23:08,0.35350140056022,41.09913799999049,41.09913799999049,0.00000000000000
2025-05-27 02:23:09,0.46989966555184,41.22200199999497,41.22200199999497,0.00000000000000
2025-05-27 02:23:10,0.43952967525196,40.97719000000507,40.97719000000507,0.00000000000000
2025-05-27 02:23:11,0.52816508644729,45.92798300000140,45.92798300000140,0.00000000000000
2025-05-27 02:23:12,0.56239316239316,43.33228599998984,43.33228599998984,0.00000000000000
2025-05-27 02:23:13,0.75876411170529,47.95312500000000,47.95312500000000,0.00000000000000
2025-05-27 02:23:14,0.57038698822210,44.97309100000712,44.97309100000712,0.00000000000000
2025-05-27 02:23:15,0.48788927335640,44.08820499999274,44.08820499999274,0.00000000000000
2025-05-27 02:23:16,0.44672586015538,46.18835899999249,46.18835899999249,0.00000000000000
2025-05-27 02:23:17,0.41709401709402,43.22944200001075,43.22944200001075,0.00000000000000
2025-05-27 02:23:18,0.56414662084765,44.18811899999855,44.18811899999855,0.00000000000000
2025-05-27 02:23:19,0.39910313901345,42.18726999999490,42.18726999999490,0.00000000000000
2025-05-27 02:23:20,0.38409854423292,42.27741900000547,42.27741900000547,0.00000000000000
2025-05-27 02:23:21,0.41384950926936,43.82252000000153,43.82252000000153,0.00000000000000
2025-05-27 02:23:22,0.44583560152422,43.65259800000058,43.65259800000058,0.00000000000000
2025-05-27 02:23:23,0.63110102156640,44.21650100000261,44.21650100000261,0.00000000000000
2025-05-27 02:23:24,0.46677927927928,41.51905899999838,41.51905899999838,0.00000000000000
2025-05-27 02:23:25,0.57656612529002,42.57807699999830,42.57807699999830,0.00000000000000
2025-05-27 02:23:26,0.57278304517568,44.20789399999194,44.20789399999194,0.00000000000000
2025-05-27 02:23:27,0.41930022573363,44.89594300001045,44.89594300001045,0.00000000000000
2025-05-27 02:23:28,0.35342465753425,41.82887199999823,41.82887199999823,0.00000000000000
2025-05-27 02:23:29,0.45121263395375,43.59510299999965,43.59510299999965,0.00000000000000
2025-05-27 02:23:30,0.50000000000000,43.98755800000799,43.98755800000799,0.00000000000000
2025-05-27 02:23:31,0.49430523917995,45.40222799999174,45.40222799999174,0.00000000000000
2025-05-27 02:23:32,0.46643717728055,43.00648199999705,43.00648199999705,0.00000000000000
2025-05-27 02:23:33,0.34333333333333,40.25905200000852,40.25905200000852,0.00000000000000
2025-05-27 02:23:34,0.28618968386023,37.67330399999628,37.67330399999628,0.00000000000000
2025-05-27 02:23:35,0.29490022172949,38.29921900000772,38.29921900000772,0.00000000000000
2025-05-27 02:23:36,0.41254858411993,40.01649899999029,40.01649899999029,0.00000000000000
2025-05-27 02:23:37,0.55474860335196,44.45624600000156,44.45624600000156,0.00000000000000
2025-05-27 02:23:38,0.73974849644615,51.36833800000022,51.36833800000022,0.00000000000000
2025-05-27 02:23:39,0.75096631695196,51.12242800000240,51.12242800000240,0.00000000000000
2025-05-27 02:23:40,0.39920045688178,43.24299199999950,43.24299199999950,0.00000000000000
2025-05-27 02:23:41,0.61633530360021,51.52373300000909,51.52373300000909,0.00000000000000
2025-05-27 02:23:42,0.33663911845730,40.78413699999510,40.78413699999510,0.00000000000000
2025-05-27 02:23:43,0.53828828828829,44.52283499999612,44.52283499999612,0.00000000000000
2025-05-27 02:23:44,0.65921787709497,50.16845000001194,50.16845000001194,0.00000000000000
2025-05-27 02:23:45,0.36132177681473,40.92872899999202,40.92872899999202,0.00000000000000
2025-05-27 02:23:46,0.33649553571429,40.53206100000534,40.53206100000534,0.00000000000000
2025-05-27 02:23:47,0.33926585094549,39.87617999999202,39.87617999999202,0.00000000000000
2025-05-27 02:23:48,0.61463693539165,47.34936600000947,47.34936600000947,0.00000000000000
2025-05-27 02:23:49,0.69322493224932,53.78800899999624,53.78800899999624,0.00000000000000
2025-05-27 02:23:50,0.51036414565826,47.57177799999772,47.57177799999772,0.00000000000000
2025-05-27 02:23:51,0.47353914002205,43.46827300000587,43.46827300000587,0.00000000000000
2025-05-27 02:23:52,0.47028274668205,43.43061399999715,43.43061399999715,0.00000000000000
2025-05-27 02:23:53,0.33689538807649,39.27962299999490,39.27962299999490,0.00000000000000
2025-05-27 02:23:54,0.27768409218662,37.35183300000790,37.35183300000790,0.00000000000000
2025-05-27 02:23:55,0.32334997226844,38.74391999999352,38.74391999999352,0.00000000000000
2025-05-27 02:23:56,0.41448467966574,40.29664899999625,40.29664899999625,0.00000000000000
2025-05-27 02:23:57,0.64421997755331,48.72393600000942,48.72393600000942,0.00000000000000
2025-05-27 02:23:58,0.71695008228195,52.05778899999859,52.05778899999859,0.00000000000000
2025-05-27 02:23:59,0.65648445873526,52.58488700000453,52.58488700000453,0.00000000000000
2025-05-27 02:24:00,0.56713973799127,48.90630799999053,48.90630799999053,0.00000000000000
2025-05-27 02:24:01,0.44241733181300,41.83473200000299,41.83473200000299,0.00000000000000
2025-05-27 02:24:02,0.26774734488541,37.00063799999771,37.00063799999771,0.00000000000000
2025-05-27 02:24:03,0.50028425241615,45.57465100000263,45.57465100000263,0.00000000000000
2025-05-27 02:24:04,0.58178752107926,45.47559200000251,45.47559200000251,0.00000000000000
2025-05-27 02:24:05,0.32926152137701,40.46760899999936,40.46760899999936,0.00000000000000
2025-05-27 02:24:06,0.32994923857868,40.25056800000311,40.25056800000311,0.00000000000000
2025-05-27 02:24:07,0.32823995472552,40.46815800000331,40.46815800000331,0.00000000000000
2025-05-27 02:24:08,0.64421416234888,47.93066399999952,47.93066399999952,0.00000000000000
2025-05-27 02:24:09,0.68011049723757,53.47477799998887,53.47477799998887,0.00000000000000
2025-05-27 02:24:10,0.48364231188659,48.09582400000363,48.09582400000363,0.00000000000000
2025-05-27 02:24:11,0.32994350282486,42.07404999999562,42.07404999999562,0.00000000000000
2025-05-27 02:24:12,0.31438317225696,41.13356100000965,41.13356100000965,0.00000000000000
2025-05-27 02:24:13,0.33800448430493,38.92360700000427,38.92360700000427,0.00000000000000
2025-05-27 02:24:14,0.61499436302142,48.04449299999396,48.04449299999396,0.00000000000000
2025-05-27 02:24:15,0.58497109826590,44.52326300001005,44.52326300001005,0.00000000000000
2025-05-27 02:24:16,0.47916666666667,43.64344299999357,43.64344299999357,0.00000000000000
2025-05-27 02:24:17,0.43283582089552,40.66121199999179,40.66121199999179,0.00000000000000
2025-05-27 02:24:18,0.46188850967008,43.92878100000962,43.92878100000962,0.00000000000000
2025-05-27 02:24:19,0.41856492027335,43.72803800000111,43.72803800000111,0.00000000000000
2025-05-27 02:24:20,0.37563451776650,41.97334199999750,41.97334199999750,0.00000000000000
2025-05-27 02:24:21,0.49688737973967,41.88465799999540,41.88465799999540,0.00000000000000
2025-05-27 02:24:22,0.36251402918070,40.65016499999911,40.65016499999911,0.00000000000000
2025-05-27 02:24:23,0.57006726457399,47.24432400001388,47.24432400001388,0.00000000000000
2025-05-27 02:24:24,0.56971428571429,46.08173099999840,46.08173099999840,0.00000000000000
2025-05-27 02:24:25,0.67262247838617,46.60846199998923,46.60846199998923,0.00000000000000
2025-05-27 02:24:26,0.60159362549801,46.44311799999559,46.44311799999559,0.00000000000000
2025-05-27 02:24:27,0.62890173410405,42.80958300000930,42.80958300000930,0.00000000000000
2025-05-27 02:24:28,0.51684751570531,44.70508599998720,44.70508599998720,0.00000000000000
2025-05-27 02:24:29,0.38992642897566,42.84901099999843,42.84901099999843,0.00000000000000
2025-05-27 02:24:30,0.40034266133638,43.36469600000419,43.36469600000419,0.00000000000000
2025-05-27 02:24:31,0.45767494356659,41.62208600000304,41.62208600000304,0.00000000000000
2025-05-27 02:24:32,0.39017504234896,40.22426200000336,40.22426200000336,0.00000000000000
2025-05-27 02:24:33,0.58206521739130,46.99768299999414,46.99768299999414,0.00000000000000
2025-05-27 02:24:34,0.60324566312255,49.49376899999334,49.49376899999334,0.00000000000000
2025-05-27 02:24:35,0.53695150115473,42.78339799999958,42.78339799999958,0.00000000000000
2025-05-27 02:24:36,0.48105625717566,43.34827800000494,43.34827800000494,0.00000000000000
2025-05-27 02:24:37,0.61621930325528,42.46143900000607,42.46143900000607,0.00000000000000
2025-05-27 02:24:38,0.44575604272063,42.91230499999074,42.91230499999074,0.00000000000000
2025-05-27 02:24:39,0.48927536231884,44.51294699999562,44.51294699999562,0.00000000000000
2025-05-27 02:24:40,0.38439796495195,42.91077899999800,42.91077899999800,0.00000000000000
2025-05-27 02:24:41,0.45418098510882,41.57380700000795,41.57380700000795,0.00000000000000
2025-05-27 02:24:42,0.45490417136415,41.30183499999112,41.30183499999112,0.00000000000000
2025-05-27 02:24:43,0.54276131917272,43.37049400000251,43.37049400000251,0.00000000000000
2025-05-27 02:24:44,0.64086859688196,52.81138899999496,52.81138899999496,0.00000000000000
2025-05-27 02:24:45,0.54200230149597,45.51508100000501,45.51508100000501,0.00000000000000
2025-05-27 02:24:46,0.49853027630805,42.96686999998929,42.96686999998929,0.00000000000000
2025-05-27 02:24:47,0.49015063731170,43.71314500000153,43.71314500000153,0.00000000000000
2025-05-27 02:24:48,0.59859566998245,42.32667399999627,42.32667399999627,0.00000000000000
2025-05-27 02:24:49,0.40875071963155,43.58021000000008,43.58021000000008,0.00000000000000
2025-05-27 02:24:50,0.36484918793503,43.32294800000091,43.32294800000091,0.00000000000000
2025-05-27 02:24:51,0.43053960964409,42.04072499999893,42.04072499999893,0.00000000000000
2025-05-27 02:24:52,0.51276102088167,41.85176099999808,41.85176099999808,0.00000000000000
2025-05-27 02:24:53,0.42350203606748,41.08204799999658,41.08204799999658,0.00000000000000
2025-05-27 02:24:54,0.66146123814835,51.81328300001041,51.81328300001041,0.00000000000000
2025-05-27 02:24:55,0.57870894677237,47.13610999999219,47.13610999999219,0.00000000000000
2025-05-27 02:24:56,0.59859566998245,43.12623299998813,43.12623299998813,0.00000000000000
2025-05-27 02:24:57,0.47864248098303,43.16675899999973,43.16675899999973,0.00000000000000
2025-05-27 02:24:58,0.42479908151550,40.66517900000326,40.66517900000326,0.00000000000000
2025-05-27 02:24:59,0.45515320334262,45.13410100000328,45.13410100000328,0.00000000000000
2025-05-27 02:25:00,0.37089467723669,42.57465899999079,42.57465899999079,0.00000000000000
2025-05-27 02:25:01,0.37457044673540,41.67347800001153,41.67347800001153,0.00000000000000
2025-05-27 02:25:02,0.48227774549680,41.51716599999054,41.51716599999054,0.00000000000000
2025-05-27 02:25:03,0.39445387662705,40.63539399999718,40.63539399999718,0.00000000000000
2025-05-27 02:25:04,0.56267887807670,47.04815799999051,47.04815799999051,0.00000000000000
2025-05-27 02:25:05,0.62380146644106,49.00671000000148,49.00671000000148,0.00000000000000
2025-05-27 02:25:06,0.53126792885829,42.40022100000351,42.40022100000351,0.00000000000000
2025-05-27 02:25:07,0.49090909090909,42.20625200000359,42.20625200000359,0.00000000000000
2025-05-27 02:25:08,0.57934218118869,42.28303399999277,42.28303399999277,0.00000000000000
2025-05-27 02:25:09,0.49294184076793,45.58838399998785,45.58838399998785,0.00000000000000
2025-05-27 02:25:10,0.44172825469016,44.40052100000321,44.40052100000321,0.00000000000000
2025-05-27 02:25:11,0.36474694589878,42.54298199999903,42.54298199999903,0.00000000000000
2025-05-27 02:25:12,0.43894009216590,40.80006700000376,40.80006700000376,0.00000000000000
2025-05-27 02:25:13,0.31444759206799,39.10140200000023,39.10140200000023,0.00000000000000
2025-05-27 02:25:14,0.41733639494834,41.86726299999282,41.86726299999282,0.00000000000000
2025-05-27 02:25:15,0.45348156816852,41.75886600000376,41.75886600000376,0.00000000000000
2025-05-27 02:25:16,0.41463414634146,41.77308600000106,41.77308600000106,0.00000000000000
2025-05-27 02:25:17,0.61629213483146,46.63794299999427,46.63794299999427,0.00000000000000
2025-05-27 02:25:18,0.41680960548885,40.09810200000356,40.09810200000356,0.00000000000000
2025-05-27 02:25:19,0.48426966292135,48.23327500000596,48.23327500000596,0.00000000000000
2025-05-27 02:25:20,0.29338609383833,39.15352599999460,39.15352599999460,0.00000000000000
2025-05-27 02:25:21,0.29037900874636,40.14046100000269,40.14046100000269,0.00000000000000
2025-05-27 02:25:22,0.53841807909605,45.54260799998883,45.54260799998883,0.00000000000000
2025-05-27 02:25:23,0.61674528301887,43.00941100000637,43.00941100000637,0.00000000000000
2025-05-27 02:25:24,0.47255921432698,42.29798800000572,42.29798800000572,0.00000000000000
2025-05-27 02:25:25,0.58789289871944,42.17854199999420,42.17854199999420,0.00000000000000
2025-05-27 02:25:26,0.43376187814421,43.63263999999617,43.63263999999617,0.00000000000000
2025-05-27 02:25:27,0.35237007424329,42.67298600000504,42.67298600000504,0.00000000000000
2025-05-27 02:25:28,0.41296197107659,42.23432799999136,42.23432799999136,0.00000000000000
2025-05-27 02:25:29,0.42824471126358,40.63472300001013,40.63472300001013,0.00000000000000
2025-05-27 02:25:30,0.32163080407701,39.04823899999610,39.04823899999610,0.00000000000000
2025-05-27 02:25:31,0.48919226393629,40.86207800000557,40.86207800000557,0.00000000000000
2025-05-27 02:25:32,0.52960893854749,43.49805799999740,43.49805799999740,0.00000000000000
2025-05-27 02:25:33,0.46961953435548,40.73793299999670,40.73793299999670,0.00000000000000
2025-05-27 02:25:34,0.50285062713797,44.21570700001030,44.21570700001030,0.00000000000000
2025-05-27 02:25:35,0.58866855524079,48.12762299999304,48.12762299999304,0.00000000000000
2025-05-27 02:25:36,0.43796455117210,40.74092399999790,40.74092399999790,0.00000000000000
2025-05-27 02:25:37,0.28702115494568,40.37935200000356,40.37935200000356,0.00000000000000
2025-05-27 02:25:38,0.32210165619646,40.88057199999457,40.88057199999457,0.00000000000000
2025-05-27 02:25:39,0.40751280591918,42.02345200000855,42.02345200000855,0.00000000000000
2025-05-27 02:25:40,0.71682940838599,48.81298499999684,48.81298499999684,0.00000000000000
2025-05-27 02:25:41,0.48928778228141,41.15547300000617,41.15547300000617,0.00000000000000
2025-05-27 02:25:42,0.67810650887574,46.11212599999271,46.11212599999271,0.00000000000000
2025-05-27 02:25:43,0.76713091922006,54.95829400001094,54.95829400001094,0.00000000000000
2025-05-27 02:25:44,0.67845303867403,54.77415199999814,54.77415199999814,0.00000000000000
2025-05-27 02:25:45,0.40652300524170,45.35284999999567,45.35284999999567,0.00000000000000
2025-05-27 02:25:46,0.42086956521739,43.05769000000146,43.05769000000146,0.00000000000000
2025-05-27 02:25:47,0.32934472934473,40.41963499999838,40.41963499999838,0.00000000000000
2025-05-27 02:25:48,0.46989374262102,41.35658300000068,41.35658300000068,0.00000000000000
2025-05-27 02:25:49,0.37974683544304,39.98830100000487,39.98830100000487,0.00000000000000
2025-05-27 02:25:50,0.62199312714777,48.29144099999394,48.29144099999394,0.00000000000000
2025-05-27 02:25:51,0.64372246696035,54.45274200000858,54.45274200000858,0.00000000000000
2025-05-27 02:25:52,0.64523281596452,53.94169500000135,53.94169500000135,0.00000000000000
2025-05-27 02:25:53,0.67293447293447,50.59807599999476,50.59807599999476,0.00000000000000
2025-05-27 02:25:54,0.56359393232205,42.83131200000935,42.83131200000935,0.00000000000000
2025-05-27 02:25:55,0.59570765661253,46.38550099999702,46.38550099999702,0.00000000000000
2025-05-27 02:25:56,0.60872059667240,43.27234999999928,43.27234999999928,0.00000000000000
2025-05-27 02:25:57,0.45826036193812,43.37556000000041,43.37556000000041,0.00000000000000
2025-05-27 02:25:58,0.31907514450867,41.66481100000965,41.66481100000965,0.00000000000000
2025-05-27 02:25:59,0.43177892918826,42.35456700000213,42.35456700000213,0.00000000000000
2025-05-27 02:26:00,0.45212464589235,41.31452999998874,41.31452999998874,0.00000000000000
2025-05-27 02:26:01,0.32674943566591,38.67629300001136,38.67629300001136,0.00000000000000
2025-05-27 02:26:02,0.31378132118451,38.93086899998889,38.93086899998889,0.00000000000000
2025-05-27 02:26:03,0.46073903002309,42.27143700000306,42.27143700000306,0.00000000000000
2025-05-27 02:26:04,0.56286043829296,45.55408299999544,45.55408299999544,0.00000000000000
2025-05-27 02:26:05,0.63813459268005,45.60724400001345,45.60724400001345,0.00000000000000
2025-05-27 02:26:06,0.50202195262854,41.92372100001376,41.92372100001376,0.00000000000000
2025-05-27 02:26:07,0.61382113821138,43.45637099999294,43.45637099999294,0.00000000000000
2025-05-27 02:26:08,0.50794551645857,42.47419500000251,42.47419500000251,0.00000000000000
2025-05-27 02:26:09,0.37954545454545,42.22712599999795,42.22712599999795,0.00000000000000
2025-05-27 02:26:10,0.34142212189616,42.15455500000098,42.15455500000098,0.00000000000000
2025-05-27 02:26:11,0.42210767468499,41.31013600000006,41.31013600000006,0.00000000000000
2025-05-27 02:26:12,0.51108584422968,42.01954599999590,42.01954599999590,0.00000000000000
2025-05-27 02:26:13,0.32487309644670,38.74935199999891,38.74935199999891,0.00000000000000
2025-05-27 02:26:14,0.34726143421796,39.00521000000299,39.00521000000299,0.00000000000000
2025-05-27 02:26:15,0.42150661299597,40.97255199999199,40.97255199999199,0.00000000000000
2025-05-27 02:26:16,0.31588032220944,39.61385100000189,39.61385100000189,0.00000000000000
2025-05-27 02:26:17,0.32304173813608,38.92488799999410,38.92488799999410,0.00000000000000
2025-05-27 02:26:18,0.29870129870130,40.08034200000111,40.08034200000111,0.00000000000000
2025-05-27 02:26:19,0.63981588032221,48.06152299999667,48.06152299999667,0.00000000000000
2025-05-27 02:26:20,0.48679471788715,41.89234800000850,41.89234800000850,0.00000000000000
2025-05-27 02:26:21,0.42259414225941,41.40327500000421,41.40327500000421,0.00000000000000
2025-05-27 02:26:22,0.32427643236858,40.43617600000289,40.43617600000289,0.00000000000000
2025-05-27 02:26:23,0.29394473838918,39.94264700000349,39.94264700000349,0.00000000000000
2025-05-27 02:26:24,0.31416464891041,42.09229899999627,42.09229899999627,0.00000000000000
2025-05-27 02:26:25,0.24337065409546,41.63832099999127,41.63832099999127,0.00000000000000
2025-05-27 02:26:26,0.29580700746697,41.61433400001260,41.61433400001260,0.00000000000000
2025-05-27 02:26:27,0.48156816851960,44.51026199999615,44.51026199999615,0.00000000000000
2025-05-27 02:26:28,0.45023980815348,42.40949900000123,42.40949900000123,0.00000000000000
2025-05-27 02:26:29,0.51792114695340,43.54780099999334,43.54780099999334,0.00000000000000
2025-05-27 02:26:30,0.39566236811254,41.66743500001030,41.66743500001030,0.00000000000000
2025-05-27 02:26:31,0.34515366430260,39.81105499999830,39.81105499999830,0.00000000000000
2025-05-27 02:26:32,0.33372365339578,39.65846799999417,39.65846799999417,0.00000000000000
2025-05-27 02:26:33,0.34146341463415,40.20979700000316,40.20979700000316,0.00000000000000
2025-05-27 02:26:34,0.31405964698722,42.11347799999930,42.11347799999930,0.00000000000000
2025-05-27 02:26:35,0.45649582836710,44.47663199999079,44.47663199999079,0.00000000000000
2025-05-27 02:26:36,0.43818181818182,43.57496199999878,43.57496199999878,0.00000000000000
2025-05-27 02:26:37,0.54583333333333,45.91614200000186,45.91614200000186,0.00000000000000
2025-05-27 02:26:38,0.70228571428571,51.03398800001014,51.03398800001014,0.00000000000000
2025-05-27 02:26:39,0.75169683257919,51.47246399999131,51.47246399999131,0.00000000000000
2025-05-27 02:26:40,0.68294083859851,51.51329599999008,51.51329599999008,0.00000000000000
2025-05-27 02:26:41,0.71485486624929,53.52476500000921,53.52476500000921,0.00000000000000
2025-05-27 02:26:42,0.62822719449225,54.18668999998772,54.18668999998772,0.00000000000000
2025-05-27 02:26:43,0.64972375690608,51.52782200000365,51.52782200000365,0.00000000000000
2025-05-27 02:26:44,0.61317567567568,51.33049599999504,51.33049599999504,0.00000000000000
2025-05-27 02:26:45,0.66628571428571,51.52141299999494,51.52141299999494,0.00000000000000
2025-05-27 02:26:46,0.62422535211268,50.48748100000375,50.48748100000375,0.00000000000000
2025-05-27 02:26:47,0.61414253897550,51.35667999999714,51.35667999999714,0.00000000000000
2025-05-27 02:26:48,0.68828213879408,52.44011200001114,52.44011200001114,0.00000000000000
2025-05-27 02:26:49,0.79152348224513,54.51286099999561,54.51286099999561,0.00000000000000
2025-05-27 02:26:50,0.70499158721256,53.91697599999316,53.91697599999316,0.00000000000000
2025-05-27 02:26:51,0.56418918918919,49.09478400000080,49.09478400000080,0.00000000000000
2025-05-27 02:26:52,0.27837514934289,39.54183000000194,39.54183000000194,0.00000000000000
2025-05-27 02:26:53,0.44955223880597,41.79982000000018,41.79982000000018,0.00000000000000
2025-05-27 02:26:54,0.39801285797779,40.59688100000494,40.59688100000494,0.00000000000000
2025-05-27 02:26:55,0.27415458937198,39.05983600000036,39.05983600000036,0.00000000000000
2025-05-27 02:26:56,0.40637681159420,43.50739600000088,43.50739600000088,0.00000000000000
2025-05-27 02:26:57,0.24616292798111,41.13081499999680,41.13081499999680,0.00000000000000
2025-05-27 02:26:58,0.21712538226300,41.61872899999435,41.61872899999435,0.00000000000000
2025-05-27 02:26:59,0.31209818819404,41.79432700001053,41.79432700001053,0.00000000000000
2025-05-27 02:27:00,0.53190184049080,45.58563699999650,45.58563699999650,0.00000000000000
2025-05-27 02:27:01,0.45600000000000,42.35212599999795,42.35212599999795,0.00000000000000
2025-05-27 02:27:02,0.31354916067146,39.77876800000377,39.77876800000377,0.00000000000000
2025-05-27 02:27:03,0.38466220328667,40.79860100000224,40.79860100000224,0.00000000000000
2025-05-27 02:27:04,0.24144368388301,39.68477399999392,39.68477399999392,0.00000000000000
2025-05-27 02:27:05,0.38687921520540,41.32832400000188,41.32832400000188,0.00000000000000
2025-05-27 02:27:06,0.32875074716079,39.96950200000720,39.96950200000720,0.00000000000000
2025-05-27 02:27:07,0.37742718446602,40.89851600000111,40.89851600000111,0.00000000000000
2025-05-27 02:27:08,0.56109725685786,42.95631100000173,42.95631100000173,0.00000000000000
2025-05-27 02:27:09,0.65193026151930,43.93158899999980,43.93158899999980,0.00000000000000
2025-05-27 02:27:10,0.44914215686275,43.05476100000669,43.05476100000669,0.00000000000000
2025-05-27 02:27:11,0.30759878419453,42.06959400000051,42.06959400000051,0.00000000000000
2025-05-27 02:27:12,0.29882932840419,41.96583499999542,41.96583499999542,0.00000000000000
2025-05-27 02:27:14,0.40665110851809,41.18013199999405,41.18013199999405,0.00000000000000
2025-05-27 02:27:15,0.45432250153280,41.08784600000945,41.08784600000945,0.00000000000000
2025-05-27 02:27:16,0.27152317880795,38.80721300000732,38.80721300000732,0.00000000000000
2025-05-27 02:27:17,0.29774614472123,39.32814599999983,39.32814599999983,0.00000000000000
2025-05-27 02:27:18,0.37065409546258,40.13789800000086,40.13789800000086,0.00000000000000
2025-05-27 02:27:19,0.31483578708947,38.43044399999781,38.43044399999781,0.00000000000000
2025-05-27 02:27:20,0.37156970362239,39.33174700000382,39.33174700000382,0.00000000000000
2025-05-27 02:27:21,0.39757709251101,40.42165000000386,40.42165000000386,0.00000000000000
2025-05-27 02:27:22,0.68053148469093,47.09082100000523,47.09082100000523,0.00000000000000
2025-05-27 02:27:23,0.45194947830862,40.52681299998949,40.52681299998949,0.00000000000000
2025-05-27 02:27:24,0.40519624101714,41.33570999999938,41.33570999999938,0.00000000000000
2025-05-27 02:27:25,0.31646273637375,39.21980900000199,39.21980900000199,0.00000000000000
2025-05-27 02:27:26,0.38876146788991,42.51093899999978,42.51093899999978,0.00000000000000
2025-05-27 02:27:27,0.30177854274240,42.43238700000802,42.43238700000802,0.00000000000000
2025-05-27 02:27:28,0.29335585585586,41.41944899999362,41.41944899999362,0.00000000000000
2025-05-27 02:27:29,0.31688166012339,40.17299300000013,40.17299300000013,0.00000000000000
2025-05-27 02:27:30,0.57334826427772,43.77094499999657,43.77094499999657,0.00000000000000
2025-05-27 02:27:31,0.52686915887850,43.61268100001325,43.61268100001325,0.00000000000000
2025-05-27 02:27:32,0.41910546659304,40.90852599999926,40.90852599999926,0.00000000000000
2025-05-27 02:27:33,0.34352009054895,39.36025099999097,39.36025099999097,0.00000000000000
2025-05-27 02:27:34,0.38640132669983,40.24574600000051,40.24574600000051,0.00000000000000
2025-05-27 02:27:35,0.35774175517049,38.66408599998977,38.66408599998977,0.00000000000000
2025-05-27 02:27:36,0.35451505016722,40.50435200000356,40.50435200000356,0.00000000000000
2025-05-27 02:27:37,0.59897318881917,45.58826200000476,45.58826200000476,0.00000000000000
2025-05-27 02:27:38,0.69491525423729,51.18205900001340,51.18205900001340,0.00000000000000
2025-05-27 02:27:39,0.70967741935484,50.67778799998632,50.67778799998632,0.00000000000000
2025-05-27 02:27:40,0.64143426294821,49.25518300000113,49.25518300000113,0.00000000000000
2025-05-27 02:27:41,0.73862982153138,52.92943000000378,52.92943000000378,0.00000000000000
2025-05-27 02:27:42,0.66890005583473,54.85593900000094,54.85593900000094,0.00000000000000
2025-05-27 02:27:43,0.69617361507710,53.99296499999764,53.99296499999764,0.00000000000000
2025-05-27 02:27:44,0.41953698475438,44.92316400000709,44.92316400000709,0.00000000000000
2025-05-27 02:27:45,0.41657142857143,44.53589600000123,44.53589600000123,0.00000000000000
2025-05-27 02:27:46,0.32590051457976,44.22895199999039,44.22895199999039,0.00000000000000
2025-05-27 02:27:47,0.34186575654152,43.68342100000882,43.68342100000882,0.00000000000000
2025-05-27 02:27:48,0.38039673278880,44.14093900000444,44.14093900000444,0.00000000000000
2025-05-27 02:27:49,0.58182844243792,46.25390999999945,46.25390999999945,0.00000000000000
2025-05-27 02:27:50,0.50135501355014,41.37080400000559,41.37080400000559,0.00000000000000
2025-05-27 02:27:51,0.36526946107784,38.50600500000292,38.50600500000292,0.00000000000000
2025-05-27 02:27:52,0.46103542234332,39.68776499999512,39.68776499999512,0.00000000000000
2025-05-27 02:27:53,0.33583288698447,37.16164799999387,37.16164799999387,0.00000000000000
2025-05-27 02:27:54,0.40847457627119,40.62385800000629,40.62385800000629,0.00000000000000
2025-05-27 02:27:55,0.37396580253723,39.16255900000397,39.16255900000397,0.00000000000000
2025-05-27 02:27:56,0.59457933370977,42.23719600000186,42.23719600000186,0.00000000000000
2025-05-27 02:27:57,0.55895691609977,42.89521499999682,42.89521499999682,0.00000000000000
2025-05-27 02:27:58,0.53567383918460,41.08198699999775,41.08198699999775,0.00000000000000
2025-05-27 02:27:59,0.45397727272727,43.27125200000592,43.27125200000592,0.00000000000000
2025-05-27 02:28:00,0.35762331838565,41.89747599999828,41.89747599999828,0.00000000000000
2025-05-27 02:28:01,0.45146467547387,42.47981000000436,42.47981000000436,0.00000000000000
2025-05-27 02:28:02,0.49178470254958,43.39582399999199,43.39582399999199,0.00000000000000
2025-05-27 02:28:03,0.44703272323905,41.05049300000246,41.05049300000246,0.00000000000000
2025-05-27 02:28:04,0.45121263395375,42.29713300000003,42.29713300000003,0.00000000000000
2025-05-27 02:28:05,0.35964424680378,38.96303500000795,38.96303500000795,0.00000000000000
2025-05-27 02:28:06,0.41564927857936,39.64351399999578,39.64351399999578,0.00000000000000
2025-05-27 02:28:07,0.40976412506857,39.85432899999432,39.85432899999432,0.00000000000000
2025-05-27 02:28:08,0.54736245036869,45.76007500001288,45.76007500001288,0.00000000000000
2025-05-27 02:28:09,0.67423382519864,51.37047399999574,51.37047399999574,0.00000000000000
2025-05-27 02:28:10,0.73779069767442,51.37065699999221,51.37065699999221,0.00000000000000
2025-05-27 02:28:11,0.67191142191142,47.84936500000185,47.84936500000185,0.00000000000000
2025-05-27 02:28:12,0.70663692136085,54.88792100000137,54.88792100000137,0.00000000000000
2025-05-27 02:28:13,0.66704098820887,54.81150499999058,54.81150499999058,0.00000000000000
2025-05-27 02:28:14,0.45545102379635,45.09723600000143,45.09723600000143,0.00000000000000
2025-05-27 02:28:15,0.51993262212240,41.54097000000183,41.54097000000183,0.00000000000000
2025-05-27 02:28:16,0.31922005571031,38.89723899999808,38.89723899999808,0.00000000000000
2025-05-27 02:28:17,0.33866519580805,38.53243300000031,38.53243300000031,0.00000000000000
2025-05-27 02:28:18,0.35166666666667,39.05281699998886,39.05281699998886,0.00000000000000
2025-05-27 02:28:19,0.37648388920294,41.76496900001075,41.76496900001075,0.00000000000000
2025-05-27 02:28:20,0.34449760765550,42.67170500000066,42.67170500000066,0.00000000000000
2025-05-27 02:28:21,0.27949183303085,41.26844899999560,41.26844899999560,0.00000000000000
2025-05-27 02:28:22,0.34350688210652,42.00923100000364,42.00923100000364,0.00000000000000
2025-05-27 02:28:23,0.32090464547677,42.18080000000191,42.18080000000191,0.00000000000000
2025-05-27 02:28:24,0.30665024630542,41.63392700000259,41.63392700000259,0.00000000000000
2025-05-27 02:28:25,0.32627118644068,41.26686199998949,41.26686199998949,0.00000000000000
2025-05-27 02:28:26,0.75209080047790,49.84881100000348,49.84881100000348,0.00000000000000
2025-05-27 02:28:27,0.61677730838865,45.57660400000168,45.57660400000168,0.00000000000000
2025-05-27 02:28:28,0.23439412484700,38.66079000000900,38.66079000000900,0.00000000000000
2025-05-27 02:28:29,0.25045703839122,38.83351899999252,38.83351899999252,0.00000000000000
2025-05-27 02:28:30,0.36566265060241,42.05994999999530,42.05994999999530,0.00000000000000
2025-05-27 02:28:31,0.42415048543689,41.08131600001070,41.08131600001070,0.00000000000000
2025-05-27 02:28:32,0.45293746051800,41.58296299999347,41.58296299999347,0.00000000000000
2025-05-27 02:28:33,0.47088607594937,43.19630100000359,43.19630100000359,0.00000000000000
2025-05-27 02:28:34,0.36835748792271,42.66492999999900,42.66492999999900,0.00000000000000
2025-05-27 02:28:35,0.39950980392157,43.58826699999918,43.58826699999918,0.00000000000000
2025-05-27 02:28:36,0.28580171358629,42.33814799999527,42.33814799999527,0.00000000000000
2025-05-27 02:28:37,0.35886349598518,43.07276599999750,43.07276599999750,0.00000000000000
2025-05-27 02:28:38,0.43310934636530,43.06837200000882,43.06837200000882,0.00000000000000
2025-05-27 02:28:39,0.39281364190012,40.89094699999259,40.89094699999259,0.00000000000000
2025-05-27 02:28:40,0.43383685800604,41.58125400000426,41.58125400000426,0.00000000000000
2025-05-27 02:28:41,0.29263687853996,40.04188900000008,40.04188900000008,0.00000000000000
2025-05-27 02:28:42,0.31985065339141,40.20399900000484,40.20399900000484,0.00000000000000
2025-05-27 02:28:43,0.39642416769420,41.71101299999282,41.71101299999282,0.00000000000000
2025-05-27 02:28:44,0.26772616136919,38.87880700000096,38.87880700000096,0.00000000000000
2025-05-27 02:28:45,0.55634638196916,45.75305600000138,45.75305600000138,0.00000000000000
2025-05-27 02:28:46,0.69758291174817,50.86644700000761,50.86644700000761,0.00000000000000
2025-05-27 02:28:47,0.73529411764706,51.00688899999659,51.00688899999659,0.00000000000000
2025-05-27 02:28:48,0.63450292397661,47.92462099999830,47.92462099999830,0.00000000000000
2025-05-27 02:28:49,0.69178852643420,53.71488899999531,53.71488899999531,0.00000000000000
2025-05-27 02:28:50,0.71697070204533,54.31455800001277,54.31455800001277,0.00000000000000
2025-05-27 02:28:51,0.67001774098167,48.62322800001130,48.62322800001130,0.00000000000000
2025-05-27 02:28:52,0.36048632218845,39.42513099999633,39.42513099999633,0.00000000000000
2025-05-27 02:28:53,0.26303030303030,38.82247099999222,38.82247099999222,0.00000000000000
2025-05-27 02:28:54,0.26001271455817,38.66744199999084,38.66744199999084,0.00000000000000
2025-05-27 02:28:55,0.21973929236499,38.33394799999951,38.33394799999951,0.00000000000000
2025-05-27 02:28:56,0.38978015448604,42.24684000000707,42.24684000000707,0.00000000000000
2025-05-27 02:28:57,0.27461773700306,39.25148599999375,39.25148599999375,0.00000000000000
2025-05-27 02:28:58,0.23627390499692,38.41317100000742,38.41317100000742,0.00000000000000
2025-05-27 02:28:59,0.26582278481013,38.35463799998979,38.35463799998979,0.00000000000000
2025-05-27 02:29:00,0.27573529411765,39.38887600001181,39.38887600001181,0.00000000000000
2025-05-27 02:29:01,0.29468599033816,38.63314099999843,38.63314099999843,0.00000000000000
2025-05-27 02:29:02,0.30276381909548,39.98689699999522,39.98689699999522,0.00000000000000
2025-05-27 02:29:03,0.27863777089783,38.71157100000710,38.71157100000710,0.00000000000000
2025-05-27 02:29:04,0.59365825014680,46.39410700000008,46.39410700000008,0.00000000000000
2025-05-27 02:29:05,0.65470588235294,47.85607899999013,47.85607899999013,0.00000000000000
2025-05-27 02:29:06,0.38490330630069,40.55665900000895,40.55665900000895,0.00000000000000
2025-05-27 02:29:07,0.21692789968652,38.46871299999475,38.46871299999475,0.00000000000000
2025-05-27 02:29:08,0.24847001223990,38.94423600001028,38.94423600001028,0.00000000000000
2025-05-27 02:29:09,0.45119705340700,41.99732899999071,41.99732899999071,0.00000000000000
2025-05-27 02:29:10,0.31588785046729,40.49751600000309,40.49751600000309,0.00000000000000
2025-05-27 02:29:11,0.43331284572833,42.69880399999965,42.69880399999965,0.00000000000000
2025-05-27 02:29:12,0.47019053472649,43.54548200000136,43.54548200000136,0.00000000000000
2025-05-27 02:29:13,0.49467752035066,43.10322199999064,43.10322199999064,0.00000000000000
2025-05-27 02:29:14,0.53239104829211,45.58350200000859,45.58350200000859,0.00000000000000
2025-05-27 02:29:15,0.36707317073171,43.50763999999617,43.50763999999617,0.00000000000000
2025-05-27 02:29:16,0.37637698898409,42.40980300000228,42.40980300000228,0.00000000000000
2025-05-27 02:29:17,0.36207951070336,42.47395200000028,42.47395200000028,0.00000000000000
2025-05-27 02:29:18,0.45121951219512,42.12348800001200,42.12348800001200,0.00000000000000
2025-05-27 02:29:19,0.48892988929889,43.94477299999562,43.94477299999562,0.00000000000000
2025-05-27 02:29:20,0.31000000000000,40.06160400000226,40.06160400000226,0.00000000000000
2025-05-27 02:29:21,0.29071170084439,40.04378199999337,40.04378199999337,0.00000000000000
2025-05-27 02:29:22,0.28520071899341,39.41670800000429,39.41670800000429,0.00000000000000
2025-05-27 02:29:23,0.31189903846154,39.98207600000023,39.98207600000023,0.00000000000000
2025-05-27 02:29:24,0.29691358024691,41.37452800000028,41.37452800000028,0.00000000000000
2025-05-27 02:29:25,0.34510532837670,40.03438300000562,40.03438300000562,0.00000000000000
2025-05-27 02:29:26,0.26539408866995,39.98433399999340,39.98433399999340,0.00000000000000
2025-05-27 02:29:27,0.38057901085645,43.11066799999389,43.11066799999389,0.00000000000000
2025-05-27 02:29:28,0.42382103990326,44.42127299999993,44.42127299999993,0.00000000000000
2025-05-27 02:29:29,0.47839318320146,44.43439600001147,44.43439600001147,0.00000000000000
2025-05-27 02:29:30,0.70517928286853,50.93144899999606,50.93144899999606,0.00000000000000
2025-05-27 02:29:31,0.66610360360360,50.85997700000007,50.85997700000007,0.00000000000000
2025-05-27 02:29:32,0.75441595441595,52.04076099999656,52.04076099999656,0.00000000000000
2025-05-27 02:29:33,0.71186440677966,54.38212400001066,54.38212400001066,0.00000000000000
2025-05-27 02:29:34,0.62736373748610,53.92893899999035,53.92893899999035,0.00000000000000
2025-05-27 02:29:35,0.41397533763946,47.34759600000689,47.34759600000689,0.00000000000000
2025-05-27 02:29:36,0.41426858513189,40.74250999999640,40.74250999999640,0.00000000000000
2025-05-27 02:29:37,0.22554517133956,40.54017999999633,40.54017999999633,0.00000000000000
2025-05-27 02:29:38,0.26555760936537,39.93977799999993,39.93977799999993,0.00000000000000
2025-05-27 02:29:39,0.27005511328843,39.32283699999971,39.32283699999971,0.00000000000000
2025-05-27 02:29:40,0.62000000000000,47.02948100000503,47.02948100000503,0.00000000000000
2025-05-27 02:29:41,0.71802002224694,54.57957299999543,54.57957299999543,0.00000000000000
2025-05-27 02:29:42,0.75616921269095,55.31199200000265,55.31199200000265,0.00000000000000
2025-05-27 02:29:43,0.62816281628163,51.87987200000498,51.87987200000498,0.00000000000000
2025-05-27 02:29:44,0.62958904109589,50.81822899999679,50.81822899999679,0.00000000000000
2025-05-27 02:29:45,0.61005586592179,52.25493199999619,52.25493199999619,0.00000000000000
2025-05-27 02:29:46,0.61052631578947,52.31572300000698,52.31572300000698,0.00000000000000
2025-05-27 02:29:47,0.60354374307863,52.08348499999556,52.08348499999556,0.00000000000000
2025-05-27 02:29:48,0.61568409343715,52.95360000000801,52.95360000000801,0.00000000000000
2025-05-27 02:29:49,0.67309812568908,50.73534400000062,50.73534400000062,0.00000000000000
2025-05-27 02:29:50,0.80011587485516,51.69585099999676,51.69585099999676,0.00000000000000
2025-05-27 02:29:51,0.74469305794607,50.53441700000258,50.53441700000258,0.00000000000000
2025-05-27 02:29:52,0.54734411085450,46.64477800000168,46.64477800000168,0.00000000000000
2025-05-27 02:29:53,0.37334933973589,41.98603699999512,41.98603699999512,0.00000000000000
2025-05-27 02:29:54,0.71322690992018,53.91459599998780,53.91459599998780,0.00000000000000
2025-05-27 02:29:55,0.60384833050368,53.78569000000425,53.78569000000425,0.00000000000000
2025-05-27 02:29:56,0.59044776119403,47.02636899999925,47.02636899999925,0.00000000000000
2025-05-27 02:29:57,0.30384380719951,40.41841399999976,40.41841399999976,0.00000000000000
2025-05-27 02:29:58,0.45714285714286,41.88185099999828,41.88185099999828,0.00000000000000
2025-05-27 02:29:59,0.27169359664871,38.72420499999134,38.72420499999134,0.00000000000000
2025-05-27 02:30:00,0.31089351285190,39.73274700000184,39.73274700000184,0.00000000000000
2025-05-27 02:30:01,0.49445812807882,43.27479200001108,43.27479200001108,0.00000000000000
2025-05-27 02:30:02,0.42848447961047,43.00629799999297,43.00629799999297,0.00000000000000
2025-05-27 02:30:03,0.53039702233251,44.60370600000897,44.60370600000897,0.00000000000000
2025-05-27 02:30:04,0.49371633752244,46.45923199999379,46.45923199999379,0.00000000000000
2025-05-27 02:30:05,0.63492063492063,53.92954900000768,53.92954900000768,0.00000000000000
2025-05-27 02:30:06,0.41612713360800,44.96753699998953,44.96753699998953,0.00000000000000
2025-05-27 02:30:07,0.27794561933535,39.52669300000707,39.52669300000707,0.00000000000000
2025-05-27 02:30:08,0.47490820073439,45.34656299999915,45.34656299999915,0.00000000000000
2025-05-27 02:30:09,0.58888245512449,48.00994799999171,48.00994799999171,0.00000000000000
2025-05-27 02:30:10,0.73132664437012,51.60368900001049,51.60368900001049,0.00000000000000
2025-05-27 02:30:11,0.49647473560517,46.04797800000233,46.04797800000233,0.00000000000000
2025-05-27 02:30:12,0.48028673835125,45.65326400000777,45.65326400000777,0.00000000000000
2025-05-27 02:30:13,0.34624553039333,41.61232099999324,41.61232099999324,0.00000000000000
2025-05-27 02:30:14,0.36825980392157,40.38704200000211,40.38704200000211,0.00000000000000
2025-05-27 02:30:15,0.29771908763505,40.13521199999377,40.13521199999377,0.00000000000000
2025-05-27 02:30:16,0.25617283950617,38.42867400000978,38.42867400000978,0.00000000000000
2025-05-27 02:30:17,0.41651263093038,40.85731700000179,40.85731700000179,0.00000000000000
2025-05-27 02:30:18,0.31911057692308,41.55116299999645,41.55116299999645,0.00000000000000
2025-05-27 02:30:19,0.41905318527177,40.34279199999582,40.34279199999582,0.00000000000000
2025-05-27 02:30:20,0.35280641466208,40.28364900000452,40.28364900000452,0.00000000000000
2025-05-27 02:30:21,0.40068104426788,40.06673000000592,40.06673000000592,0.00000000000000
2025-05-27 02:30:22,0.43807870370370,41.40748699998949,41.40748699998949,0.00000000000000
2025-05-27 02:30:23,0.36996547756041,40.56563100000494,40.56563100000494,0.00000000000000
2025-05-27 02:30:24,0.31929425156517,38.98531299999740,38.98531299999740,0.00000000000000
2025-05-27 02:30:25,0.33044982698962,39.34114699999918,39.34114699999918,0.00000000000000
2025-05-27 02:30:26,0.30005704506560,39.16219200000342,39.16219200000342,0.00000000000000
2025-05-27 02:30:27,0.43901001767826,42.05909700000484,42.05909700000484,0.00000000000000
2025-05-27 02:30:28,0.60837155963303,48.39104999999108,48.39104999999108,0.00000000000000
2025-05-27 02:30:29,0.32229450029568,44.48511600001075,44.48511600001075,0.00000000000000
2025-05-27 02:30:30,0.50444576170717,44.33966899999359,44.33966899999359,0.00000000000000
2025-05-27 02:30:31,0.51457465794170,43.98749700000917,43.98749700000917,0.00000000000000
2025-05-27 02:30:32,0.45395127748069,42.45771599998989,42.45771599998989,0.00000000000000
2025-05-27 02:30:33,0.46891973445987,44.70655100001022,44.70655100001022,0.00000000000000
2025-05-27 02:30:34,0.65094882116159,50.06920699999318,50.06920699999318,0.00000000000000
2025-05-27 02:30:35,0.76263486655309,52.04985500000475,52.04985500000475,0.00000000000000
2025-05-27 02:30:36,0.62709030100334,51.04137300000002,51.04137300000002,0.00000000000000
2025-05-27 02:30:37,0.68133047210300,51.55620300000010,51.55620300000010,0.00000000000000
2025-05-27 02:30:38,0.79081929110982,52.25774000000092,52.25774000000092,0.00000000000000
2025-05-27 02:30:39,0.45498199279712,46.76080599999113,46.76080599999113,0.00000000000000
2025-05-27 02:30:40,0.62500000000000,50.97698099999980,50.97698099999980,0.00000000000000
2025-05-27 02:30:41,0.68500842223470,54.49143799999729,54.49143799999729,0.00000000000000
2025-05-27 02:30:42,0.51933064050779,48.83538499999850,48.83538499999850,0.00000000000000
2025-05-27 02:30:43,0.34090909090909,39.10854200000176,39.10854200000176,0.00000000000000
2025-05-27 02:30:44,0.30186546071227,38.38936699999613,38.38936699999613,0.00000000000000
2025-05-27 02:30:45,0.43277553375649,41.90986600000178,41.90986600000178,0.00000000000000
2025-05-27 02:30:46,0.49024110218140,41.39173999999184,41.39173999999184,0.00000000000000
2025-05-27 02:30:47,0.40798094103633,41.21522700000787,41.21522700000787,0.00000000000000
2025-05-27 02:30:48,0.34908282379099,38.52834299999813,38.52834299999813,0.00000000000000
2025-05-27 02:30:49,0.70060874377421,54.05302399999346,54.05302399999346,0.00000000000000
2025-05-27 02:30:50,0.71412742382271,53.85398800000257,53.85398800000257,0.00000000000000
2025-05-27 02:30:51,0.47323462414579,45.85181100000045,45.85181100000045,0.00000000000000
2025-05-27 02:30:52,0.43060295790671,40.68776200000138,40.68776200000138,0.00000000000000
2025-05-27 02:30:53,0.31203650884199,38.40261199999077,38.40261199999077,0.00000000000000
2025-05-27 02:30:54,0.32504239683437,38.90511300000071,38.90511300000071,0.00000000000000
2025-05-27 02:30:55,0.32724056603774,40.17457900001318,40.17457900001318,0.00000000000000
2025-05-27 02:30:56,0.34815242494226,40.91291999998793,40.91291999998793,0.00000000000000
2025-05-27 02:30:57,0.49119611414693,41.81111200001033,41.81111200001033,0.00000000000000
2025-05-27 02:30:58,0.65903465346535,44.78394300000218,44.78394300000218,0.00000000000000
2025-05-27 02:30:59,0.48358733880422,40.57051299999875,40.57051299999875,0.00000000000000
2025-05-27 02:31:00,0.42464953271028,43.57514499999525,43.57514499999525,0.00000000000000
2025-05-27 02:31:01,0.29272619751626,41.15931799999089,41.15931799999089,0.00000000000000
2025-05-27 02:31:02,0.44805194805195,43.32258200000797,43.32258200000797,0.00000000000000
2025-05-27 02:31:03,0.37158469945355,43.34693499999412,43.34693499999412,0.00000000000000
2025-05-27 02:31:04,0.41367118444313,40.78816500000539,40.78816500000539,0.00000000000000
2025-05-27 02:31:05,0.52625437572929,44.10419600000023,44.10419600000023,0.00000000000000
2025-05-27 02:31:06,0.33166666666667,40.11244599999918,40.11244599999918,0.00000000000000
2025-05-27 02:31:07,0.35761957730812,38.55422299999918,38.55422299999918,0.00000000000000
2025-05-27 02:31:08,0.33058758923668,38.54158800000732,38.54158800000732,0.00000000000000
2025-05-27 02:31:09,0.37814143775570,40.63716399999976,40.63716399999976,0.00000000000000
2025-05-27 02:31:10,0.32110091743119,39.85060599999269,39.85060599999269,0.00000000000000
2025-05-27 02:31:11,0.38218390804598,39.46755000000121,39.46755000000121,0.00000000000000
2025-05-27 02:31:12,0.29660023446659,41.40089499999885,41.40089499999885,0.00000000000000
2025-05-27 02:31:13,0.29187675070028,39.04054899999755,39.04054899999755,0.00000000000000
2025-05-27 02:31:14,0.48494161032575,44.19239200001175,44.19239200001175,0.00000000000000
2025-05-27 02:31:15,0.68141097424412,50.26024699999834,50.26024699999834,0.00000000000000
2025-05-27 02:31:16,0.66242390702822,50.87566299999889,50.87566299999889,0.00000000000000
2025-05-27 02:31:17,0.75431530494822,52.08122700000240,52.08122700000240,0.00000000000000
2025-05-27 02:31:18,0.67498613422074,54.84965200000443,54.84965200000443,0.00000000000000
2025-05-27 02:31:19,0.72317351598174,54.73753100000613,54.73753100000613,0.00000000000000
2025-05-27 02:31:20,0.70450751252087,52.94444500000100,52.94444500000100,0.00000000000000
2025-05-27 02:31:21,0.64024056861673,51.50279699999373,51.50279699999373,0.00000000000000
2025-05-27 02:31:22,0.64376731301939,51.39787900001102,51.39787900001102,0.00000000000000
2025-05-27 02:31:23,0.62067007382169,51.40685099999246,51.40685099999246,0.00000000000000
2025-05-27 02:31:24,0.64155124653740,51.07811600000423,51.07811600000423,0.00000000000000
2025-05-27 02:31:25,0.66121112929624,51.22386800000095,51.22386800000095,0.00000000000000
2025-05-27 02:31:26,0.72326350606395,50.49834499999997,50.49834499999997,0.00000000000000
2025-05-27 02:31:27,0.68944099378882,53.30290300000343,53.30290300000343,0.00000000000000
2025-05-27 02:31:28,0.65863228699552,53.47355699999025,53.47355699999025,0.00000000000000
2025-05-27 02:31:29,0.64494382022472,53.83934000000590,53.83934000000590,0.00000000000000
2025-05-27 02:31:30,0.32417274256870,41.02351600000111,41.02351600000111,0.00000000000000
2025-05-27 02:31:31,0.25870930896630,39.86836700000276,39.86836700000276,0.00000000000000
2025-05-27 02:31:32,0.24215740231150,36.86953399999766,36.86953399999766,0.00000000000000
2025-05-27 02:31:33,0.22724734785036,36.87911700000404,36.87911700000404,0.00000000000000
2025-05-27 02:31:34,0.22455940875497,37.73134899999422,37.73134899999422,0.00000000000000
2025-05-27 02:31:35,0.21270561542825,37.19906300000730,37.19906300000730,0.00000000000000
2025-05-27 02:31:36,0.33428084138715,41.24464499999885,41.24464499999885,0.00000000000000
2025-05-27 02:31:37,0.24137931034483,37.84847500000615,37.84847500000615,0.00000000000000
2025-05-27 02:31:38,0.21610890527510,36.90169999998761,36.90169999998761,0.00000000000000
2025-05-27 02:31:39,0.24172185430464,37.03548900000169,37.03548900000169,0.00000000000000
2025-05-27 02:31:40,0.25581395348837,37.51729899999918,37.51729899999918,0.00000000000000
2025-05-27 02:31:41,0.19731465265616,37.86727300001075,37.86727300001075,0.00000000000000
2025-05-27 02:31:42,0.22861934041364,36.77102400000149,36.77102400000149,0.00000000000000
2025-05-27 02:31:43,0.19653179190751,37.11471199999505,37.11471199999505,0.00000000000000
2025-05-27 02:31:44,0.22635135135135,36.75851200000034,36.75851200000034,0.00000000000000
2025-05-27 02:31:45,0.24752475247525,36.57760399999097,36.57760399999097,0.00000000000000
2025-05-27 02:31:46,0.24629731212287,36.98843100000522,36.98843100000522,0.00000000000000
2025-05-27 02:31:47,0.27836691410392,36.64028700000199,36.64028700000199,0.00000000000000
2025-05-27 02:31:48,0.26691529035695,36.27291800000239,36.27291800000239,0.00000000000000
2025-05-27 02:31:49,0.25832438238453,36.45773100000224,36.45773100000224,0.00000000000000
2025-05-27 02:31:50,0.29728317659352,36.69717200000014,36.69717200000014,0.00000000000000
2025-05-27 02:31:51,0.27402323125660,36.25967200000014,36.25967200000014,0.00000000000000
2025-05-27 02:31:52,0.23532668881506,36.83468300000823,36.83468300000823,0.00000000000000
2025-05-27 02:31:53,0.24229074889868,36.54409599999781,36.54409599999781,0.00000000000000
2025-05-27 02:31:54,0.23893805309735,36.72750599999563,36.72750599999563,0.00000000000000
2025-05-27 02:31:55,0.23754152823920,36.87295299999823,36.87295299999823,0.00000000000000
2025-05-27 02:31:56,0.20634005763689,37.12057099999220,37.12057099999220,0.00000000000000
2025-05-27 02:31:57,0.28480340063762,36.66415200001211,36.66415200001211,0.00000000000000
2025-05-27 02:31:58,0.21934758155231,37.02694399999746,37.02694399999746,0.00000000000000
2025-05-27 02:31:59,0.22027180067950,37.15151599999808,37.15151599999808,0.00000000000000
2025-05-27 02:32:00,0.28049465992130,38.04604500001005,38.04604500001005,0.00000000000000
2025-05-27 02:32:01,0.25496688741722,36.80990300000121,36.80990300000121,0.00000000000000
2025-05-27 02:32:02,0.24183729939126,36.74136099999305,36.74136099999305,0.00000000000000
2025-05-27 02:32:03,0.24147414741474,36.63284099999873,36.63284099999873,0.00000000000000
2025-05-27 02:32:04,0.20483314154200,37.15450699999928,37.15450699999928,0.00000000000000
2025-05-27 02:32:05,0.26699293094073,37.01913100000820,37.01913100000820,0.00000000000000
2025-05-27 02:32:06,0.23197316936836,37.09872100000212,37.09872100000212,0.00000000000000
2025-05-27 02:32:07,0.27262988752009,36.67403999999806,36.67403999999806,0.00000000000000
2025-05-27 02:32:08,0.30672268907563,36.86922999999661,36.86922999999661,0.00000000000000
2025-05-27 02:32:09,0.25666122892877,36.68288900000334,36.68288900000334,0.00000000000000
2025-05-27 02:32:10,0.29903209373408,36.26431199999934,36.26431199999934,0.00000000000000
2025-05-27 02:32:11,0.29076923076923,36.18252500001108,36.18252500001108,0.00000000000000
2025-05-27 02:32:12,0.27128503437335,36.35311699999147,36.35311699999147,0.00000000000000
2025-05-27 02:32:13,0.28652849740933,36.22152600000845,36.22152600000845,0.00000000000000
2025-05-27 02:32:14,0.28087545596665,36.34213099999761,36.34213099999761,0.00000000000000
2025-05-27 02:32:15,0.22871736662883,37.22677199999453,37.22677199999453,0.00000000000000
2025-05-27 02:32:16,0.25447639717851,36.53188900000532,36.53188900000532,0.00000000000000
2025-05-27 02:32:17,0.27815970386039,36.67739699999220,36.67739699999220,0.00000000000000
2025-05-27 02:32:18,0.29601226993865,36.19229000000632,36.19229000000632,0.00000000000000
2025-05-27 02:32:19,0.28920041536864,37.11233200000424,37.11233200000424,0.00000000000000
2025-05-27 02:32:20,0.27643979057592,37.31167199999618,37.31167199999618,0.00000000000000
2025-05-27 02:32:21,0.26489361702128,37.23244900000282,37.23244900000282,0.00000000000000
2025-05-27 02:32:22,0.26935312831389,36.75564299999678,36.75564299999678,0.00000000000000
2025-05-27 02:32:23,0.26166219839142,36.76650800000061,36.76650800000061,0.00000000000000
2025-05-27 02:32:24,0.27287066246057,37.20589800000016,37.20589800000016,0.00000000000000
2025-05-27 02:32:25,0.26042780748663,36.89175200001046,36.89175200001046,0.00000000000000
2025-05-27 02:32:26,0.26804670912951,36.78048499999568,36.78048499999568,0.00000000000000
2025-05-27 02:32:27,0.29402677651905,37.08950400000322,37.08950400000322,0.00000000000000
2025-05-27 02:32:28,0.26553372278279,36.90267699999094,36.90267699999094,0.00000000000000
2025-05-27 02:32:29,0.27416798732171,37.08773500000825,37.08773500000825,0.00000000000000
2025-05-27 02:32:30,0.31328451882845,38.11592999999993,38.11592999999993,0.00000000000000
2025-05-27 02:32:31,0.29637199795606,36.88918800000101,36.88918800000101,0.00000000000000
2025-05-27 02:32:32,0.26242650988776,36.82796899999084,36.82796899999084,0.00000000000000
2025-05-27 02:32:33,0.26570820021299,36.99691500001063,36.99691500001063,0.00000000000000
2025-05-27 02:32:34,0.27353556485356,37.15566599999147,37.15566599999147,0.00000000000000
2025-05-27 02:32:35,0.27540810953133,36.49752699999954,36.49752699999954,0.00000000000000
2025-05-27 02:32:36,0.26321409503470,37.07741900000838,37.07741900000838,0.00000000000000
2025-05-27 02:32:37,0.29032258064516,37.41591999999946,37.41591999999946,0.00000000000000
2025-05-27 02:32:38,0.29250645994832,37.35097899999528,37.35097899999528,0.00000000000000
2025-05-27 02:32:39,0.26251331203408,37.08877200000279,37.08877200000279,0.00000000000000
2025-05-27 02:32:40,0.25905895078421,36.75729100000171,36.75729100000171,0.00000000000000
2025-05-27 02:32:41,0.26931216931217,36.98818600000232,36.98818600000232,0.00000000000000
2025-05-27 02:32:42,0.26556679084619,36.65804799999751,36.65804799999751,0.00000000000000
2025-05-27 02:32:43,0.25823591923486,37.21706799999811,37.21706799999811,0.00000000000000
2025-05-27 02:32:44,0.27415966386555,36.97250000000349,36.97250000000349,0.00000000000000
2025-05-27 02:32:45,0.29456967213115,36.61782600000151,36.61782600000151,0.00000000000000
2025-05-27 02:32:46,0.26007522837184,36.89230099999986,36.89230099999986,0.00000000000000
2025-05-27 02:32:47,0.27584388185654,37.26711600000272,37.26711600000272,0.00000000000000
2025-05-27 02:32:48,0.26852846401719,37.37081500000204,37.37081500000204,0.00000000000000
2025-05-27 02:32:49,0.26910828025478,36.88747899999726,36.88747899999726,0.00000000000000
2025-05-27 02:32:50,0.26143087681549,37.00283500000660,37.00283500000660,0.00000000000000
2025-05-27 02:32:51,0.25243243243243,36.65951299999142,36.65951299999142,0.00000000000000
2025-05-27 02:32:52,0.26845991561181,37.14553500000329,37.14553500000329,0.00000000000000
2025-05-27 02:32:53,0.25766541151157,36.74899000000732,36.74899000000732,0.00000000000000
2025-05-27 02:32:54,0.25878594249201,37.00112599998829,37.00112599998829,0.00000000000000
2025-05-27 02:32:55,0.25725026852846,37.14303300000029,37.14303300000029,0.00000000000000
2025-05-27 02:32:56,0.26726886291180,37.17397699999856,37.17397699999856,0.00000000000000
2025-05-27 02:32:57,0.27018299246502,37.57674699999916,37.57674699999916,0.00000000000000
2025-05-27 02:32:58,0.25607779578606,36.96139300000505,36.96139300000505,0.00000000000000
2025-05-27 02:32:59,0.27981171548117,37.13338800000201,37.13338800000201,0.00000000000000
2025-05-27 02:33:00,0.29896373056995,37.75533599998744,37.75533599998744,0.00000000000000
2025-05-27 02:33:01,0.30450543759710,39.13814400001138,39.13814400001138,0.00000000000000
2025-05-27 02:33:02,0.28504914640455,36.98043499999039,36.98043499999039,0.00000000000000
2025-05-27 02:33:03,0.25054112554113,36.71584900000016,36.71584900000016,0.00000000000000
2025-05-27 02:33:04,0.26084627745046,37.18325400000322,37.18325400000322,0.00000000000000
2025-05-27 02:33:05,0.28353498158864,37.24959999999555,37.24959999999555,0.00000000000000
2025-05-27 02:33:06,0.28031914893617,37.39870800000790,37.39870800000790,0.00000000000000
2025-05-27 02:33:07,0.30321592649311,36.96163599999272,36.96163599999272,0.00000000000000
2025-05-27 02:33:08,0.24525230602279,36.92910500000289,36.92910500000289,0.00000000000000
2025-05-27 02:33:09,0.25614973262032,37.27254800000810,37.27254800000810,0.00000000000000
2025-05-27 02:33:10,0.28496868475992,36.69289999999455,36.69289999999455,0.00000000000000
2025-05-27 02:33:11,0.25537634408602,36.97414799999387,36.97414799999387,0.00000000000000
2025-05-27 02:33:12,0.27267932489451,36.87441800000670,36.87441800000670,0.00000000000000
2025-05-27 02:33:13,0.26248671625930,36.84560800000327,36.84560800000327,0.00000000000000
2025-05-27 02:33:14,0.27477713686418,36.85903699998744,36.85903699998744,0.00000000000000
2025-05-27 02:33:15,0.26467449306297,36.80270100000780,36.80270100000780,0.00000000000000
2025-05-27 02:33:16,0.24645583424209,37.11330799999996,37.11330799999996,0.00000000000000
2025-05-27 02:33:17,0.30304568527919,37.32796899999084,37.32796899999084,0.00000000000000
2025-05-27 02:33:18,0.25700431034483,36.50967200000014,36.50967200000014,0.00000000000000
2025-05-27 02:33:19,0.27537796976242,38.71602600000915,38.71602600000915,0.00000000000000
2025-05-27 02:33:20,0.31974589730016,40.52931600000011,40.52931600000011,0.00000000000000
2025-05-27 02:33:21,0.30483870967742,40.80177499999991,40.80177499999991,0.00000000000000
2025-05-27 02:33:22,0.27187153931340,40.63264799999888,40.63264799999888,0.00000000000000
2025-05-27 02:33:23,0.25530726256983,39.66841600000043,39.66841600000043,0.00000000000000
2025-05-27 02:33:24,0.25040562466198,36.97127999999793,36.97127999999793,0.00000000000000
2025-05-27 02:33:25,0.25658956428187,36.76833900000202,36.76833900000202,0.00000000000000
2025-05-27 02:33:26,0.26344378055405,37.02627299999585,37.02627299999585,0.00000000000000
2025-05-27 02:33:27,0.25205930807249,37.10183299999335,37.10183299999335,0.00000000000000
2025-05-27 02:33:28,0.24578575312670,36.85006500000600,36.85006500000600,0.00000000000000
2025-05-27 02:33:29,0.23878116343490,37.11666499999410,37.11666499999410,0.00000000000000
2025-05-27 02:33:30,0.30182599355532,38.64730100000452,38.64730100000452,0.00000000000000
2025-05-27 02:33:31,0.25697424892704,37.31014600000344,37.31014600000344,0.00000000000000
2025-05-27 02:33:32,0.24646354733406,37.35665499999595,37.35665499999595,0.00000000000000
2025-05-27 02:33:33,0.26203208556150,36.87185399999726,36.87185399999726,0.00000000000000
2025-05-27 02:33:34,0.22853957636566,36.71267500000249,36.71267500000249,0.00000000000000
2025-05-27 02:33:35,0.23861766319254,36.90566699999908,36.90566699999908,0.00000000000000
2025-05-27 02:33:36,0.24427480916031,36.94680399999197,36.94680399999197,0.00000000000000
2025-05-27 02:33:37,0.27350427350427,38.00765499999397,38.00765499999397,0.00000000000000
2025-05-27 02:33:38,0.24781181619256,36.78194900001108,36.78194900001108,0.00000000000000
2025-05-27 02:33:39,0.24358274167122,36.75753600000462,36.75753600000462,0.00000000000000
2025-05-27 02:33:40,0.23907028223575,36.97445300000254,36.97445300000254,0.00000000000000
2025-05-27 02:33:41,0.24164383561644,36.91231999998854,36.91231999998854,0.00000000000000
2025-05-27 02:33:42,0.25000000000000,36.59707500001241,36.59707500001241,0.00000000000000
2025-05-27 02:33:43,0.25067531064290,36.97842099999252,36.97842099999252,0.00000000000000
2025-05-27 02:33:44,0.24590163934426,36.49819700000808,36.49819700000808,0.00000000000000
2025-05-27 02:33:45,0.26470588235294,37.18844299999182,37.18844299999182,0.00000000000000
2025-05-27 02:33:46,0.24330235101148,36.98360900000262,36.98360900000262,0.00000000000000
2025-05-27 02:33:47,0.23344556677890,36.97579599999881,36.97579599999881,0.00000000000000
2025-05-27 02:33:48,0.23875624652971,36.77126799999678,36.77126799999678,0.00000000000000
2025-05-27 02:33:49,0.25364274150027,37.27773599998909,37.27773599998909,0.00000000000000
2025-05-27 02:33:50,0.24198895027624,37.18423100000655,37.18423100000655,0.00000000000000
2025-05-27 02:33:51,0.24415443175639,36.98568399999931,36.98568399999931,0.00000000000000
2025-05-27 02:33:52,0.23604201216142,36.61849799999618,36.61849799999618,0.00000000000000
2025-05-27 02:33:53,0.22660653889515,36.64419300000009,36.64419300000009,0.00000000000000
2025-05-27 02:33:54,0.24299065420561,36.78555000000051,36.78555000000051,0.00000000000000
2025-05-27 02:33:55,0.24837310195228,36.81966900000407,36.81966900000407,0.00000000000000
2025-05-27 02:33:56,0.25312330255296,36.89364300000307,36.89364300000307,0.00000000000000
2025-05-27 02:33:57,0.24903154399557,36.76424899999984,36.76424899999984,0.00000000000000
2025-05-27 02:33:58,0.23935876174682,36.57223299999896,36.57223299999896,0.00000000000000
2025-05-27 02:33:59,0.24466338259442,36.94332599999325,36.94332599999325,0.00000000000000
2025-05-27 02:34:00,0.24263038548753,38.07863800000632,38.07863800000632,0.00000000000000
2025-05-27 02:34:01,0.27044711014177,39.08486099999573,39.08486099999573,0.00000000000000
2025-05-27 02:34:02,0.26114991939817,37.11983900000632,37.11983900000632,0.00000000000000
2025-05-27 02:34:03,0.24426229508197,36.96401599999808,36.96401599999808,0.00000000000000
2025-05-27 02:34:04,0.25714285714286,37.40279799999553,37.40279799999553,0.00000000000000
2025-05-27 02:34:05,0.25431965442765,36.72219600000244,36.72219600000244,0.00000000000000
2025-05-27 02:34:06,0.26949602122016,37.10671600000933,37.10671600000933,0.00000000000000
2025-05-27 02:34:07,0.24000000000000,37.30227299999387,37.30227299999387,0.00000000000000
2025-05-27 02:34:08,0.24986508364814,37.03573299999698,37.03573299999698,0.00000000000000
2025-05-27 02:34:09,0.25668449197861,36.99685300000419,36.99685300000419,0.00000000000000
2025-05-27 02:34:10,0.23898678414097,37.04421700000239,37.04421700000239,0.00000000000000
2025-05-27 02:34:11,0.26228632478632,36.88332799999625,36.88332799999625,0.00000000000000
2025-05-27 02:34:12,0.24334600760456,37.09469300000637,37.09469300000637,0.00000000000000
2025-05-27 02:34:13,0.23149693934335,37.38595100000384,37.38595100000384,0.00000000000000
2025-05-27 02:34:14,0.23846153846154,36.86684899999818,36.86684899999818,0.00000000000000
2025-05-27 02:34:15,0.24672489082969,36.64700099999027,36.64700099999027,0.00000000000000
2025-05-27 02:34:16,0.25377969762419,36.91164900000149,36.91164900000149,0.00000000000000
2025-05-27 02:34:17,0.26576819407008,37.13210700001218,37.13210700001218,0.00000000000000
2025-05-27 02:34:18,0.25095471903983,36.86910699999135,36.86910699999135,0.00000000000000
2025-05-27 02:34:19,0.22013651877133,36.89382700000715,36.89382700000715,0.00000000000000
2025-05-27 02:34:20,0.19988412514484,36.76089299999876,36.76089299999876,0.00000000000000
2025-05-27 02:34:21,0.22127417519909,36.67458899998746,36.67458899998746,0.00000000000000
2025-05-27 02:34:22,0.18610129564193,37.06057400000282,37.06057400000282,0.00000000000000
2025-05-27 02:34:23,0.19512195121951,36.74899100000039,36.74899100000039,0.00000000000000
2025-05-27 02:34:24,0.19273579379028,36.89840399999230,36.89840399999230,0.00000000000000
2025-05-27 02:34:25,0.21104651162791,37.05972000000475,37.05972000000475,0.00000000000000
2025-05-27 02:34:26,0.19206071220082,36.82461300000432,36.82461300000432,0.00000000000000
2025-05-27 02:34:27,0.23806850084222,36.56020900000294,36.56020900000294,0.00000000000000
2025-05-27 02:34:28,0.22816901408451,36.06094299998949,36.06094299998949,0.00000000000000
2025-05-27 02:34:29,0.23228346456693,37.05501999999979,37.05501999999979,0.00000000000000
2025-05-27 02:34:30,0.21944121071013,37.78774500000873,37.78774500000873,0.00000000000000
2025-05-27 02:34:31,0.21662895927602,36.95217599999160,36.95217599999160,0.00000000000000
2025-05-27 02:34:32,0.19731465265616,36.91634799999883,36.91634799999883,0.00000000000000
2025-05-27 02:34:33,0.16736401673640,37.01608000000124,37.01608000000124,0.00000000000000
2025-05-27 02:34:34,0.19192510239906,36.71163700000034,36.71163700000034,0.00000000000000
2025-05-27 02:34:35,0.19676860934795,36.92239100000006,36.92239100000006,0.00000000000000
2025-05-27 02:34:36,0.18922085530170,36.77511300001061,36.77511300001061,0.00000000000000
2025-05-27 02:34:37,0.22850678733032,36.95144399999117,36.95144399999117,0.00000000000000
2025-05-27 02:34:38,0.22360953461975,36.35152999999991,36.35152999999991,0.00000000000000
2025-05-27 02:34:39,0.20462427745665,36.71224799999618,36.71224799999618,0.00000000000000
2025-05-27 02:34:40,0.16516516516517,37.11044000000402,37.11044000000402,0.00000000000000
2025-05-27 02:34:41,0.18596491228070,36.94588899999508,36.94588899999508,0.00000000000000
2025-05-27 02:34:42,0.20427005193306,36.67507700000715,36.67507700000715,0.00000000000000
2025-05-27 02:34:43,0.22729836435420,36.19375500000024,36.19375500000024,0.00000000000000
2025-05-27 02:34:44,0.26240352811466,36.65652199999022,36.65652199999022,0.00000000000000
2025-05-27 02:34:45,0.24917672886937,36.25314200000139,36.25314200000139,0.00000000000000
2025-05-27 02:34:46,0.24863088718510,35.95138500000758,35.95138500000758,0.00000000000000
2025-05-27 02:34:47,0.24682495858642,36.48226799999247,36.48226799999247,0.00000000000000
2025-05-27 02:34:48,0.25300546448087,36.12051300000167,36.12051300000167,0.00000000000000
2025-05-27 02:34:49,0.25164835164835,36.21755800000392,36.21755800000392,0.00000000000000
2025-05-27 02:34:50,0.23726916620034,36.32113499999105,36.32113499999105,0.00000000000000
2025-05-27 02:34:51,0.23946784922395,36.12106299999868,36.12106299999868,0.00000000000000
2025-05-27 02:34:52,0.23266219239374,36.06716800000868,36.06716800000868,0.00000000000000
2025-05-27 02:34:53,0.25652173913043,35.84384099999443,35.84384099999443,0.00000000000000
2025-05-27 02:34:54,0.20069404279931,36.51949900000182,36.51949900000182,0.00000000000000
2025-05-27 02:34:55,0.20344827586207,36.89559600000212,36.89559600000212,0.00000000000000
2025-05-27 02:34:56,0.18830409356725,37.05862100000377,37.05862100000377,0.00000000000000
2025-05-27 02:34:57,0.21766743648961,36.98189999999886,36.98189999999886,0.00000000000000
2025-05-27 02:34:58,0.23288439955107,36.14523300000292,36.14523300000292,0.00000000000000
2025-05-27 02:34:59,0.25711159737418,36.42342900000222,36.42342900000222,0.00000000000000
2025-05-27 02:35:00,0.20047732696897,38.00350399999297,38.00350399999297,0.00000000000000
2025-05-27 02:35:01,0.25055928411633,39.17189700000745,39.17189700000745,0.00000000000000
2025-05-27 02:35:02,0.19560185185185,36.93160699999135,36.93160699999135,0.00000000000000
2025-05-27 02:35:03,0.23199092456041,37.24618100000953,37.24618100000953,0.00000000000000
2025-05-27 02:35:04,0.18111638954869,36.97390499999165,36.97390499999165,0.00000000000000
2025-05-27 02:35:05,0.20367183017785,36.87075499999628,36.87075499999628,0.00000000000000
2025-05-27 02:35:06,0.18705882352941,37.00967100000707,37.00967100000707,0.00000000000000
2025-05-27 02:35:07,0.23159078133783,36.81612899999891,36.81612899999891,0.00000000000000
2025-05-27 02:35:08,0.23232323232323,36.23861600000237,36.23861600000237,0.00000000000000
2025-05-27 02:35:09,0.22586109542631,36.24178899999242,36.24178899999242,0.00000000000000
2025-05-27 02:35:10,0.24448123620309,36.40884200000437,36.40884200000437,0.00000000000000
2025-05-27 02:35:11,0.20438799076212,36.46566599998914,36.46566599998914,0.00000000000000
2025-05-27 02:35:12,0.24070992789795,36.39834400000109,36.39834400000109,0.00000000000000
2025-05-27 02:35:13,0.24042198778456,36.25002900000254,36.25002900000254,0.00000000000000
2025-05-27 02:35:14,0.25839653304442,36.06991500000004,36.06991500000004,0.00000000000000
2025-05-27 02:35:15,0.23297692740574,36.26113800000167,36.26113800000167,0.00000000000000
2025-05-27 02:35:16,0.22668174109666,36.33828599999833,36.33828599999833,0.00000000000000
2025-05-27 02:35:17,0.20370370370370,36.79354600000079,36.79354600000079,0.00000000000000
2025-05-27 02:35:18,0.18536009445100,36.77438099999563,36.77438099999563,0.00000000000000
2025-05-27 02:35:19,0.22722159730034,36.46792399999686,36.46792399999686,0.00000000000000
2025-05-27 02:35:20,0.21818181818182,36.72872700000880,36.72872700000880,0.00000000000000
2025-05-27 02:35:21,0.22793296089385,36.88808900000004,36.88808900000004,0.00000000000000
2025-05-27 02:35:22,0.21595441595442,36.46877899998799,36.46877899998799,0.00000000000000
2025-05-27 02:35:23,0.22266742987979,36.82833599999140,36.82833599999140,0.00000000000000
2025-05-27 02:35:24,0.22228506787330,36.64809900001273,36.64809900001273,0.00000000000000
2025-05-27 02:35:25,0.23451327433628,36.52767799999856,36.52767799999856,0.00000000000000
2025-05-27 02:35:26,0.19616947185142,36.80483799999638,36.80483799999638,0.00000000000000
2025-05-27 02:35:27,0.22272986864649,36.66030600000522,36.66030600000522,0.00000000000000
2025-05-27 02:35:28,0.20685714285714,36.69186199999240,36.69186199999240,0.00000000000000
2025-05-27 02:35:29,0.19837587006961,36.97060800000327,36.97060800000327,0.00000000000000
2025-05-27 02:35:30,0.25580079230334,37.48452300000645,37.48452300000645,0.00000000000000
2025-05-27 02:35:31,0.20253894979804,36.65005299999029,36.65005299999029,0.00000000000000
2025-05-27 02:35:32,0.21477272727273,36.51571400000830,36.51571400000830,0.00000000000000
2025-05-27 02:35:33,0.20299884659746,36.64883200000622,36.64883200000622,0.00000000000000
2025-05-27 02:35:34,0.21687429218573,36.47537099999317,36.47537099999317,0.00000000000000
2025-05-27 02:35:35,0.21807909604520,36.68606300000101,36.68606300000101,0.00000000000000
2025-05-27 02:35:36,0.19300291545190,36.64681800000835,36.64681800000835,0.00000000000000
2025-05-27 02:35:37,0.23163841807910,36.73873699999240,36.73873699999240,0.00000000000000
2025-05-27 02:35:38,0.20695553021665,36.83181499999773,36.83181499999773,0.00000000000000
2025-05-27 02:35:39,0.24065934065934,36.64297200000146,36.64297200000146,0.00000000000000
2025-05-27 02:35:40,0.19895591647332,37.47652799999923,37.47652799999923,0.00000000000000
2025-05-27 02:35:41,0.22434099831744,36.41018500000064,36.41018500000064,0.00000000000000
2025-05-27 02:35:42,0.18810096153846,37.03280300000915,37.03280300000915,0.00000000000000
2025-05-27 02:35:43,0.20172910662824,37.04189799999585,37.04189799999585,0.00000000000000
2025-05-27 02:35:44,0.20045950603102,36.95657000000938,36.95657000000938,0.00000000000000
2025-05-27 02:35:45,0.21001707455891,36.66048999999475,36.66048999999475,0.00000000000000
2025-05-27 02:35:46,0.20411663807890,36.92318399999931,36.92318399999931,0.00000000000000
2025-05-27 02:35:47,0.22981366459627,36.68453699999372,36.68453699999372,0.00000000000000
2025-05-27 02:35:48,0.21816105082810,36.40127400000347,36.40127400000347,0.00000000000000
2025-05-27 02:35:49,0.22215909090909,36.55782899999758,36.55782899999758,0.00000000000000
2025-05-27 02:35:50,0.21130782410051,36.92263500000990,36.92263500000990,0.00000000000000
2025-05-27 02:35:51,0.22598870056497,36.11672900000121,36.11672900000121,0.00000000000000
2025-05-27 02:35:52,0.23503077783996,36.33010699998704,36.33010699998704,0.00000000000000
2025-05-27 02:35:53,0.23722222222222,36.18460000000778,36.18460000000778,0.00000000000000
2025-05-27 02:35:54,0.18903150525088,36.71578699999372,36.71578699999372,0.00000000000000
2025-05-27 02:35:55,0.20527522935780,36.80300600000191,36.80300600000191,0.00000000000000
2025-05-27 02:35:56,0.20415224913495,36.87954399999580,36.87954399999580,0.00000000000000
2025-05-27 02:35:57,0.23555555555556,37.28811300000234,37.28811300000234,0.00000000000000
2025-05-27 02:35:58,0.18797431406888,36.99490000000515,36.99490000000515,0.00000000000000
2025-05-27 02:35:59,0.22900335946249,37.37527099999716,37.37527099999716,0.00000000000000
2025-05-27 02:36:00,0.28095502498612,38.21718700000201,38.21718700000201,0.00000000000000
2025-05-27 02:36:01,0.30172413793103,36.47946000000229,36.47946000000229,0.00000000000000
2025-05-27 02:36:02,0.24057649667406,36.43984799999453,36.43984799999453,0.00000000000000
2025-05-27 02:36:03,0.23703290574456,36.11752199998591,36.11752199998591,0.00000000000000
2025-05-27 02:36:04,0.24307862679956,36.16183400001319,36.16183400001319,0.00000000000000
2025-05-27 02:36:05,0.22335600907029,36.19180200000119,36.19180200000119,0.00000000000000
2025-05-27 02:36:06,0.22468714448237,36.48116899999150,36.48116899999150,0.00000000000000
2025-05-27 02:36:07,0.22767857142857,36.87203700000828,36.87203700000828,0.00000000000000
2025-05-27 02:36:08,0.19988445984980,36.80978099998902,36.80978099998902,0.00000000000000
2025-05-27 02:36:09,0.21262080727686,36.70004000001063,36.70004000001063,0.00000000000000
2025-05-27 02:36:10,0.18625146886016,37.05373899999540,37.05373899999540,0.00000000000000
2025-05-27 02:36:11,0.18155111633373,37.36397899998701,37.36397899998701,0.00000000000000
2025-05-27 02:36:12,0.23226164079823,37.06258800000069,37.06258800000069,0.00000000000000
2025-05-27 02:36:13,0.21583143507973,36.55007800000021,36.55007800000021,0.00000000000000
2025-05-27 02:36:14,0.22551762730834,36.86892400000943,36.86892400000943,0.00000000000000
2025-05-27 02:36:15,0.24479737130340,36.87991099999635,36.87991099999635,0.00000000000000
2025-05-27 02:36:16,0.20542412002308,36.93374300000141,36.93374300000141,0.00000000000000
2025-05-27 02:36:17,0.22593431483579,36.41628900000069,36.41628900000069,0.00000000000000
2025-05-27 02:36:18,0.23933518005540,36.43295099999523,36.43295099999523,0.00000000000000
2025-05-27 02:36:19,0.26927194860814,36.24087399999553,36.24087399999553,0.00000000000000
2025-05-27 02:36:20,0.26886291179596,36.95748599999934,36.95748599999934,0.00000000000000
2025-05-27 02:36:21,0.27258403361345,36.77407600000151,36.77407600000151,0.00000000000000
2025-05-27 02:36:22,0.26244588744589,37.12508800000069,37.12508800000069,0.00000000000000
2025-05-27 02:36:23,0.26082308925708,36.55770699999994,36.55770699999994,0.00000000000000
2025-05-27 02:36:24,0.24259055982437,36.60134600001038,36.60134600001038,0.00000000000000
2025-05-27 02:36:25,0.26189203634420,36.71853399999964,36.71853399999964,0.00000000000000
2025-05-27 02:36:26,0.25174076057847,36.97060799998872,36.97060799998872,0.00000000000000
2025-05-27 02:36:27,0.27122263747998,37.20388500000990,37.20388500000990,0.00000000000000
2025-05-27 02:36:28,0.25749464668094,36.78335299999162,36.78335299999162,0.00000000000000
2025-05-27 02:36:29,0.25231103860794,37.17257300000347,37.17257300000347,0.00000000000000
2025-05-27 02:36:30,0.27361563517915,38.21663799999806,38.21663799999806,0.00000000000000
2025-05-27 02:36:31,0.24495362793235,36.92635799999698,36.92635799999698,0.00000000000000
2025-05-27 02:36:32,0.23331494760066,37.03579400001036,37.03579400001036,0.00000000000000
2025-05-27 02:36:33,0.24714828897338,36.79116599999543,36.79116599999543,0.00000000000000
2025-05-27 02:36:34,0.25175580767153,36.97396499999741,36.97396499999741,0.00000000000000
2025-05-27 02:36:35,0.24689357104268,37.07021700000041,37.07021700000041,0.00000000000000
2025-05-27 02:36:36,0.25027027027027,36.99361900000076,36.99361900000076,0.00000000000000
2025-05-27 02:36:37,0.26623725174450,36.88070399999560,36.88070399999560,0.00000000000000
2025-05-27 02:36:38,0.24466338259442,36.85403200000292,36.85403200000292,0.00000000000000
2025-05-27 02:36:39,0.26723677177980,36.76675199999590,36.76675199999590,0.00000000000000
2025-05-27 02:36:40,0.23711911357341,36.73043599999801,36.73043599999801,0.00000000000000
2025-05-27 02:36:41,0.28375527426160,37.04830599999696,37.04830599999696,0.00000000000000
2025-05-27 02:36:42,0.22203389830508,36.63912700000219,36.63912700000219,0.00000000000000
2025-05-27 02:36:43,0.24563318777293,36.69222799999989,36.69222799999989,0.00000000000000
2025-05-27 02:36:44,0.24107633168589,36.89876999999979,36.89876999999979,0.00000000000000
2025-05-27 02:36:45,0.24151150054765,36.72091499999806,36.72091499999806,0.00000000000000
2025-05-27 02:36:46,0.24026330224904,37.07589300000109,37.07589300000109,0.00000000000000
2025-05-27 02:36:47,0.24931205283434,37.03060600000026,37.03060600000026,0.00000000000000
2025-05-27 02:36:48,0.26265316995205,36.93667300000379,36.93667300000379,0.00000000000000
2025-05-27 02:36:49,0.23827909542195,37.17458700000134,37.17458700000134,0.00000000000000
2025-05-27 02:36:50,0.24536532170120,36.86416399999871,36.86416399999871,0.00000000000000
2025-05-27 02:36:51,0.24836956521739,36.97426999999152,36.97426999999152,0.00000000000000
2025-05-27 02:36:52,0.23785871964680,36.62161000000197,36.62161000000197,0.00000000000000
2025-05-27 02:36:53,0.24454148471616,36.69460899999831,36.69460899999831,0.00000000000000
2025-05-27 02:36:54,0.24595649749024,37.12087600000086,37.12087600000086,0.00000000000000
2025-05-27 02:36:55,0.23408965135584,36.55105399999593,36.55105399999593,0.00000000000000
2025-05-27 02:36:56,0.24275560415528,36.56368800000928,36.56368800000928,0.00000000000000
2025-05-27 02:36:57,0.25438596491228,37.15175999999337,37.15175999999337,0.00000000000000
2025-05-27 02:36:58,0.24273972602740,36.70437400000810,36.70437400000810,0.00000000000000
2025-05-27 02:36:59,0.23727876106195,36.98995699999796,36.98995699999796,0.00000000000000
2025-05-27 02:37:00,0.28263214670982,37.89211500000965,37.89211500000965,0.00000000000000
2025-05-27 02:37:01,0.27756858526089,38.83583799999906,38.83583799999906,0.00000000000000
2025-05-27 02:37:02,0.24010989010989,36.94961300000432,36.94961300000432,0.00000000000000
2025-05-27 02:37:03,0.24048538334253,36.93130099998962,36.93130099998962,0.00000000000000
2025-05-27 02:37:04,0.23248053392659,36.60409400000935,36.60409400000935,0.00000000000000
2025-05-27 02:37:05,0.26236559139785,36.72036500000104,36.72036500000104,0.00000000000000
2025-05-27 02:37:06,0.23565121412804,36.83266900001036,36.83266900001036,0.00000000000000
2025-05-27 02:37:07,0.27727514635444,36.70614399999613,36.70614399999613,0.00000000000000
2025-05-27 02:37:08,0.22397298818233,36.85659500000475,36.85659500000475,0.00000000000000
2025-05-27 02:37:09,0.24382207578254,36.59908799998811,36.59908799998811,0.00000000000000
2025-05-27 02:37:10,0.24561403508772,36.54189900000347,36.54189900000347,0.00000000000000
2025-05-27 02:37:11,0.22999440402910,36.35732900000585,36.35732900000585,0.00000000000000
2025-05-27 02:37:12,0.23038397328881,36.64077499999257,36.64077499999257,0.00000000000000
2025-05-27 02:37:13,0.24594745667971,37.20400599999994,37.20400599999994,0.00000000000000
2025-05-27 02:37:14,0.23571824736550,36.89883200000622,36.89883200000622,0.00000000000000
2025-05-27 02:37:15,0.21594120972301,37.01424799999222,37.01424799999222,0.00000000000000
2025-05-27 02:37:16,0.21013667425968,36.61404200000106,36.61404200000106,0.00000000000000
2025-05-27 02:37:17,0.24026696329255,36.61599500000011,36.61599500000011,0.00000000000000
2025-05-27 02:37:18,0.23003908431044,36.62594399999944,36.62594399999944,0.00000000000000
2025-05-27 02:37:19,0.15185185185185,36.81582399999024,36.81582399999024,0.00000000000000
2025-05-27 02:37:20,0.15728274173807,37.06277099999716,37.06277099999716,0.00000000000000
2025-05-27 02:37:21,0.13278791692889,36.86593400000129,36.86593400000129,0.00000000000000
2025-05-27 02:37:22,0.12720403022670,36.67452800000319,36.67452800000319,0.00000000000000
2025-05-27 02:37:23,0.12854442344045,37.05691200000001,37.05691200000001,0.00000000000000
2025-05-27 02:37:24,0.15200000000000,36.67324599999120,36.67324599999120,0.00000000000000
2025-05-27 02:37:25,0.14656771799629,36.66122200000973,36.66122200000973,0.00000000000000
2025-05-27 02:37:26,0.13018867924528,37.20193099998869,37.20193099998869,0.00000000000000
2025-05-27 02:37:27,0.17163724893488,37.12923800000863,37.12923800000863,0.00000000000000
2025-05-27 02:37:28,0.14338919925512,37.03396299999440,37.03396299999440,0.00000000000000
2025-05-27 02:37:29,0.14906832298137,37.04867200000444,37.04867200000444,0.00000000000000
2025-05-27 02:37:30,0.12843450479233,37.41408899999806,37.41408899999806,0.00000000000000
2025-05-27 02:37:31,0.14054726368159,36.79678099999728,36.79678099999728,0.00000000000000
2025-05-27 02:37:32,0.18408262454435,37.21505400000024,37.21505400000024,0.00000000000000
2025-05-27 02:37:33,0.13829787234043,36.79165400000056,36.79165400000056,0.00000000000000
2025-05-27 02:37:34,0.12284069097889,37.29751200000464,37.29751200000464,0.00000000000000
2025-05-27 02:37:35,0.14851485148515,36.64693899999838,36.64693899999838,0.00000000000000
2025-05-27 02:37:36,0.14570361145704,36.76943699999538,36.76943699999538,0.00000000000000
2025-05-27 02:37:37,0.16514320536258,37.11800800000492,37.11800800000492,0.00000000000000
2025-05-27 02:37:38,0.15043156596794,36.82101200000034,36.82101200000034,0.00000000000000
2025-05-27 02:37:39,0.15196998123827,36.57241599999543,36.57241599999543,0.00000000000000
2025-05-27 02:37:40,0.16320293398533,36.95162599999458,36.95162599999458,0.00000000000000
2025-05-27 02:37:41,0.15488629379226,36.71255300000485,36.71255300000485,0.00000000000000
2025-05-27 02:37:42,0.17523923444976,36.70156600000337,36.70156600000337,0.00000000000000
2025-05-27 02:37:43,0.14090626939789,36.74416899999778,36.74416899999778,0.00000000000000
2025-05-27 02:37:44,0.14001244555072,37.13241299999936,37.13241299999936,0.00000000000000
2025-05-27 02:37:45,0.15899324739104,36.75643599999603,36.75643599999603,0.00000000000000
2025-05-27 02:37:46,0.16616130988478,36.69387600000482,36.69387600000482,0.00000000000000
2025-05-27 02:37:47,0.15737298636927,36.93209499999648,36.93209499999648,0.00000000000000
2025-05-27 02:37:48,0.14134495641345,36.66207600000780,36.66207600000780,0.00000000000000
2025-05-27 02:37:49,0.14223602484472,37.05129699999816,37.05129699999816,0.00000000000000
2025-05-27 02:37:50,0.18657159833630,36.87325799999235,36.87325799999235,0.00000000000000
2025-05-27 02:37:51,0.15266707541386,36.93581900000572,36.93581900000572,0.00000000000000
2025-05-27 02:37:52,0.16068167985393,36.63290099998994,36.63290099998994,0.00000000000000
2025-05-27 02:37:53,0.16315136476427,36.93575800000690,36.93575800000690,0.00000000000000
2025-05-27 02:37:54,0.19103773584906,36.70193199999630,36.70193199999630,0.00000000000000
2025-05-27 02:37:55,0.16333938294011,36.95553300000029,36.95553300000029,0.00000000000000
2025-05-27 02:37:56,0.15132798023471,37.21126999999979,37.21126999999979,0.00000000000000
2025-05-27 02:37:57,0.17406962785114,37.16475999999966,37.16475999999966,0.00000000000000
2025-05-27 02:37:58,0.17980884109916,36.89639000000898,36.89639000000898,0.00000000000000
2025-05-27 02:37:59,0.18197984588026,36.76565299999493,36.76565299999493,0.00000000000000
2025-05-27 02:38:00,0.18953068592058,37.67501399999310,37.67501399999310,0.00000000000000
2025-05-27 02:38:01,0.17906836055656,38.21718700000201,38.21718700000201,0.00000000000000
2025-05-27 02:38:02,0.16060606060606,36.86434600000212,36.86434600000212,0.00000000000000
2025-05-27 02:38:03,0.16545454545455,36.60366600000998,36.60366600000998,0.00000000000000
2025-05-27 02:38:04,0.16068167985393,36.70754799999122,36.70754799999122,0.00000000000000
2025-05-27 02:38:05,0.15171990171990,36.76852100000542,36.76852100000542,0.00000000000000
2025-05-27 02:38:06,0.20047590719810,36.52175699999498,36.52175699999498,0.00000000000000
2025-05-27 02:38:07,0.16949152542373,37.29415499999595,37.29415499999595,0.00000000000000
2025-05-27 02:38:08,0.16101694915254,37.03347400001076,37.03347400001076,0.00000000000000
2025-05-27 02:38:09,0.16287645974186,36.12301599999773,36.12301599999773,0.00000000000000
2025-05-27 02:38:10,0.16299019607843,36.80569199999445,36.80569199999445,0.00000000000000
2025-05-27 02:38:11,0.16454159077110,36.65041800000472,36.65041800000472,0.00000000000000
2025-05-27 02:38:12,0.18947997609085,36.95052800000121,36.95052800000121,0.00000000000000
2025-05-27 02:38:13,0.13857677902622,37.22488100000191,37.22488100000191,0.00000000000000
2025-05-27 02:38:14,0.16281895504253,36.84048199999961,36.84048199999961,0.00000000000000
2025-05-27 02:38:15,0.16343825665860,36.68935899999633,36.68935899999633,0.00000000000000
2025-05-27 02:38:16,0.17019987886130,36.86733799999638,36.86733799999638,0.00000000000000
2025-05-27 02:38:17,0.14566687154272,37.27083900000434,37.27083900000434,0.00000000000000
2025-05-27 02:38:18,0.16687116564417,37.20840099999623,37.20840099999623,0.00000000000000
2025-05-27 02:38:19,0.29689119170984,37.90426100000332,37.90426100000332,0.00000000000000
2025-05-27 02:38:20,0.26921038685745,37.19497300000512,37.19497300000512,0.00000000000000
2025-05-27 02:38:21,0.28808290155440,37.13564699998824,37.13564699998824,0.00000000000000
2025-05-27 02:38:22,0.27786499215071,37.32241400000930,37.32241400000930,0.00000000000000
2025-05-27 02:38:23,0.27830188679245,36.61587300000247,36.61587300000247,0.00000000000000
2025-05-27 02:38:24,0.27205882352941,36.88155799999367,36.88155799999367,0.00000000000000
2025-05-27 02:38:25,0.29141104294479,37.01022000001103,37.01022000001103,0.00000000000000
2025-05-27 02:38:26,0.28875064800415,37.13680700000259,37.13680700000259,0.00000000000000
2025-05-27 02:38:27,0.29481253210067,37.16335699999763,37.16335699999763,0.00000000000000
2025-05-27 02:38:28,0.28215767634855,36.83157100000244,36.83157100000244,0.00000000000000
2025-05-27 02:38:29,0.30518819938962,37.28341299999738,37.28341299999738,0.00000000000000
2025-05-27 02:38:30,0.29652996845426,38.38405700000294,38.38405700000294,0.00000000000000
2025-05-27 02:38:31,0.29739583333333,37.14986800000770,37.14986800000770,0.00000000000000
2025-05-27 02:38:32,0.27449947312961,36.82772599998862,36.82772599998862,0.00000000000000
2025-05-27 02:38:33,0.27105263157895,36.92867700000352,36.92867700000352,0.00000000000000
2025-05-27 02:38:34,0.28947368421053,37.11532199999783,37.11532199999783,0.00000000000000
2025-05-27 02:38:35,0.26525198938992,36.94143400000758,36.94143400000758,0.00000000000000
2025-05-27 02:38:36,0.28103896103896,36.76797200000146,36.76797200000146,0.00000000000000
2025-05-27 02:38:37,0.32733633183408,38.00820299999032,38.00820299999032,0.00000000000000
2025-05-27 02:38:38,0.28755144032922,37.13009299999976,37.13009299999976,0.00000000000000
2025-05-27 02:38:39,0.28969072164948,37.28091100000893,37.28091100000893,0.00000000000000
2025-05-27 02:38:40,0.26453333333333,36.69167900001048,36.69167900001048,0.00000000000000
2025-05-27 02:38:41,0.27081138040042,37.06313699999009,37.06313699999009,0.00000000000000
2025-05-27 02:38:42,0.27071240105541,36.74917399999686,36.74917399999686,0.00000000000000
2025-05-27 02:38:43,0.29922077922078,36.86977900000056,36.86977900000056,0.00000000000000
2025-05-27 02:38:44,0.27258320126783,36.82735900000262,36.82735900000262,0.00000000000000
2025-05-27 02:38:45,0.26411075612354,36.93636799999513,36.93636799999513,0.00000000000000
2025-05-27 02:38:46,0.26100966702470,36.64645100000780,36.64645100000780,0.00000000000000
2025-05-27 02:38:47,0.28120063191153,36.94869699999981,36.94869699999981,0.00000000000000
2025-05-27 02:38:48,0.27582590456214,36.73153400000592,36.73153400000592,0.00000000000000
2025-05-27 02:38:49,0.28541666666667,37.32278099999530,37.32278099999530,0.00000000000000
2025-05-27 02:38:50,0.26609898882384,36.63509899999190,36.63509899999190,0.00000000000000
2025-05-27 02:38:51,0.27472527472527,36.88814999999886,36.88814999999886,0.00000000000000
2025-05-27 02:38:52,0.30025839793282,37.04354499999317,37.04354499999317,0.00000000000000
2025-05-27 02:38:53,0.27655099894848,36.88778400000592,36.88778400000592,0.00000000000000
2025-05-27 02:38:54,0.26296098343132,36.70351999999548,36.70351999999548,0.00000000000000
2025-05-27 02:38:55,0.25675675675676,36.63540400000056,36.63540400000056,0.00000000000000
2025-05-27 02:38:56,0.27620545073375,36.61355399999593,36.61355399999593,0.00000000000000
2025-05-27 02:38:57,0.29017160686427,37.23745300000883,37.23745300000883,0.00000000000000
2025-05-27 02:38:58,0.26412049488973,36.60390999999072,36.60390999999072,0.00000000000000
2025-05-27 02:38:59,0.28377673448096,37.02938500000164,37.02938500000164,0.00000000000000
2025-05-27 02:39:00,0.29554865424431,38.00509099999908,38.00509099999908,0.00000000000000
2025-05-27 02:39:01,0.30836326321190,36.90316399998846,36.90316399998846,0.00000000000000
2025-05-27 02:39:02,0.28194516295913,37.10659500000475,37.10659500000475,0.00000000000000
2025-05-27 02:39:03,0.26014957264957,36.86391999998887,36.86391999998887,0.00000000000000
2025-05-27 02:39:04,0.26486199575372,37.02883500000462,37.02883500000462,0.00000000000000
2025-05-27 02:39:05,0.26624068157614,36.66262600000482,36.66262600000482,0.00000000000000
2025-05-27 02:39:06,0.27458158995816,36.72500400000717,36.72500400000717,0.00000000000000
2025-05-27 02:39:07,0.29354005167959,37.58565799999633,37.58565799999633,0.00000000000000
2025-05-27 02:39:08,0.28154327424400,36.76565300000948,36.76565300000948,0.00000000000000
2025-05-27 02:39:09,0.27402323125660,36.22482199998922,36.22482199998922,0.00000000000000
2025-05-27 02:39:10,0.27008456659619,36.67965499999991,36.67965499999991,0.00000000000000
2025-05-27 02:39:11,0.28442796610169,37.05526400000963,37.05526400000963,0.00000000000000
2025-05-27 02:39:12,0.27722251446607,36.24465799999598,36.24465799999598,0.00000000000000
2025-05-27 02:39:13,0.27047015319599,36.77090200000384,36.77090200000384,0.00000000000000
2025-05-27 02:39:14,0.26107848371596,36.64938099999563,36.64938099999563,0.00000000000000
2025-05-27 02:39:15,0.27829698857736,36.75588799999969,36.75588799999969,0.00000000000000
2025-05-27 02:39:16,0.28147762747138,36.77395399998932,36.77395399998932,0.00000000000000
2025-05-27 02:39:17,0.28996865203762,36.60812200000510,36.60812200000510,0.00000000000000
2025-05-27 02:39:18,0.26186666666667,36.94655999999668,36.94655999999668,0.00000000000000
2025-05-27 02:39:19,0.16431637032495,36.00222799999756,36.00222799999756,0.00000000000000
2025-05-27 02:39:20,0.16086956521739,36.51577500000712,36.51577500000712,0.00000000000000
2025-05-27 02:39:21,0.16327788046827,36.26773000000685,36.26773000000685,0.00000000000000
2025-05-27 02:39:22,0.15413070283600,36.40945199999260,36.40945199999260,0.00000000000000
2025-05-27 02:39:23,0.16310323762981,36.43795600000885,36.43795600000885,0.00000000000000
2025-05-27 02:39:24,0.17650602409639,36.30734099999245,36.30734099999245,0.00000000000000
2025-05-27 02:39:25,0.16534472239170,36.33389100000204,36.33389100000204,0.00000000000000
2025-05-27 02:39:26,0.18355184743743,36.28817600000184,36.28817600000184,0.00000000000000
2025-05-27 02:39:27,0.14965560425798,36.76565299999493,36.76565299999493,0.00000000000000
2025-05-27 02:39:28,0.15566625155666,36.14962599999853,36.14962599999853,0.00000000000000
2025-05-27 02:39:29,0.14508094645081,36.92495499999495,36.92495499999495,0.00000000000000
2025-05-27 02:39:30,0.19901719901720,37.49142000000575,37.49142000000575,0.00000000000000
2025-05-27 02:39:31,0.15027829313544,36.55727900000056,36.55727900000056,0.00000000000000
2025-05-27 02:39:32,0.16767922235723,36.54830799999763,36.54830799999763,0.00000000000000
2025-05-27 02:39:33,0.16890243902439,36.44698900000367,36.44698900000367,0.00000000000000
2025-05-27 02:39:34,0.14963054187192,36.75466700000106,36.75466700000106,0.00000000000000
2025-05-27 02:39:35,0.15198511166253,36.72030299999460,36.72030299999460,0.00000000000000
2025-05-27 02:39:36,0.15879828326180,36.48470899999666,36.48470899999666,0.00000000000000
2025-05-27 02:39:37,0.16019716574245,37.14413100000820,37.14413100000820,0.00000000000000
2025-05-27 02:39:38,0.16144874155924,36.67660299999989,36.67660299999989,0.00000000000000
2025-05-27 02:39:39,0.16979987871437,36.91927800000121,36.91927800000121,0.00000000000000
2025-05-27 02:39:40,0.16778115501520,36.66750899999170,36.66750899999170,0.00000000000000
2025-05-27 02:39:41,0.15667074663403,36.79867299999751,36.79867299999751,0.00000000000000
2025-05-27 02:39:42,0.15650030807147,36.79055499999959,36.79055499999959,0.00000000000000
2025-05-27 02:39:43,0.18443113772455,36.45822000000044,36.45822000000044,0.00000000000000
2025-05-27 02:39:44,0.15992647058824,36.69912400000612,36.69912400000612,0.00000000000000
2025-05-27 02:39:45,0.17000607164542,36.71383499998774,36.71383499998774,0.00000000000000
2025-05-27 02:39:46,0.15323076923077,36.63143700000364,36.63143700000364,0.00000000000000
2025-05-27 02:39:47,0.17547055251973,36.72628499999701,36.72628499999701,0.00000000000000
2025-05-27 02:39:48,0.14740787008120,36.37710399999924,36.37710399999924,0.00000000000000
2025-05-27 02:39:49,0.16063764561619,36.53372000000672,36.53372000000672,0.00000000000000
2025-05-27 02:39:50,0.14715090795241,36.70474000000104,36.70474000000104,0.00000000000000
2025-05-27 02:39:51,0.19436112777445,36.94326499999443,36.94326499999443,0.00000000000000
2025-05-27 02:39:52,0.14160401002506,36.54470600000059,36.54470600000059,0.00000000000000
2025-05-27 02:39:53,0.15795943454210,36.62814100000833,36.62814100000833,0.00000000000000
2025-05-27 02:39:54,0.16361416361416,36.78097300000081,36.78097300000081,0.00000000000000
2025-05-27 02:39:55,0.18474374255066,36.93130199999723,36.93130199999723,0.00000000000000
2025-05-27 02:39:56,0.16840171463564,36.85098000000289,36.85098000000289,0.00000000000000
2025-05-27 02:39:57,0.16134969325153,37.04330099999788,37.04330099999788,0.00000000000000
2025-05-27 02:39:58,0.15808823529412,36.74777000000176,36.74777000000176,0.00000000000000
2025-05-27 02:39:59,0.15673017824216,36.72158499999205,36.72158499999205,0.00000000000000
2025-05-27 02:40:00,0.17954960438223,37.64773100000457,37.64773100000457,0.00000000000000
2025-05-27 02:40:01,0.17621688231670,36.46597099999781,36.46597099999781,0.00000000000000
2025-05-27 02:40:02,0.16513198281154,36.48373300000094,36.48373300000094,0.00000000000000
2025-05-27 02:40:03,0.16676847892486,36.52279400000407,36.52279400000407,0.00000000000000
2025-05-27 02:40:04,0.16687116564417,36.08547899998666,36.08547899998666,0.00000000000000
2025-05-27 02:40:05,0.15461346633416,36.20266600001196,36.20266600001196,0.00000000000000
2025-05-27 02:40:06,0.16221255438160,36.19021499999508,36.19021499999508,0.00000000000000
2025-05-27 02:40:07,0.17951807228916,36.57327100000111,36.57327100000111,0.00000000000000
2025-05-27 02:40:08,0.16565164433618,36.54366800001299,36.54366800001299,0.00000000000000
2025-05-27 02:40:09,0.15840978593272,36.63046099999337,36.63046099999337,0.00000000000000
2025-05-27 02:40:10,0.18081180811808,37.04354499999317,37.04354499999317,0.00000000000000
2025-05-27 02:40:11,0.16920267802800,36.75265200001013,36.75265200001013,0.00000000000000
2025-05-27 02:40:12,0.14587212911235,36.54263099998934,36.54263099998934,0.00000000000000
2025-05-27 02:40:13,0.16605616605617,36.31973200000357,36.31973200000357,0.00000000000000
2025-05-27 02:40:14,0.14853946550653,36.57742100000905,36.57742100000905,0.00000000000000
2025-05-27 02:40:15,0.14711359404097,36.55239599999913,36.55239599999913,0.00000000000000
2025-05-27 02:40:16,0.18044659022330,36.34029999999620,36.34029999999620,0.00000000000000
2025-05-27 02:40:17,0.15138190954774,36.50723099999595,36.50723099999595,0.00000000000000
2025-05-27 02:40:18,0.16037151702786,36.15982000000076,36.15982000000076,0.00000000000000
2025-05-27 02:40:19,0.15661901802362,36.32400300000154,36.32400300000154,0.00000000000000
2025-05-27 02:40:20,0.12830431979368,36.55917199999385,36.55917199999385,0.00000000000000
2025-05-27 02:40:21,0.24075128059192,36.69796500001394,36.69796500001394,0.00000000000000
2025-05-27 02:40:22,0.20463768115942,36.59341200000199,36.59341200000199,0.00000000000000
2025-05-27 02:40:23,0.16778115501520,36.60165199999756,36.60165199999756,0.00000000000000
2025-05-27 02:40:24,0.14410480349345,36.74105599999893,36.74105599999893,0.00000000000000
2025-05-27 02:40:25,0.15805658056581,36.87637100000575,36.87637100000575,0.00000000000000
2025-05-27 02:40:26,0.20466472303207,36.92806700000074,36.92806700000074,0.00000000000000
2025-05-27 02:40:27,0.15883807169345,36.49502299999585,36.49502299999585,0.00000000000000
2025-05-27 02:40:28,0.14660012476606,36.02590900000359,36.02590900000359,0.00000000000000
2025-05-27 02:40:29,0.19770253929867,37.04470499999297,37.04470499999297,0.00000000000000
2025-05-27 02:40:30,0.16781898177247,37.12386700000206,37.12386700000206,0.00000000000000
2025-05-27 02:40:31,0.13354838709677,35.99075300000550,35.99075300000550,0.00000000000000
2025-05-27 02:40:32,0.18671679197995,37.55410300000221,37.55410300000221,0.00000000000000
2025-05-27 02:40:33,0.22547332185886,36.90707099999418,36.90707099999418,0.00000000000000
2025-05-27 02:40:34,0.19081693500298,36.53921299999638,36.53921299999638,0.00000000000000
2025-05-27 02:40:35,0.18280216476248,36.52151299999969,36.52151299999969,0.00000000000000
2025-05-27 02:40:36,0.19750889679715,36.43197499999951,36.43197499999951,0.00000000000000
2025-05-27 02:40:37,0.17468046256847,36.26962099999946,36.26962099999946,0.00000000000000
2025-05-27 02:40:38,0.18121613485852,36.49850300000980,36.49850300000980,0.00000000000000
2025-05-27 02:40:39,0.15518311607697,36.95113799998944,36.95113799998944,0.00000000000000
2025-05-27 02:40:40,0.17820590006020,36.25869600000442,36.25869600000442,0.00000000000000
2025-05-27 02:40:41,0.16990291262136,36.30483900000399,36.30483900000399,0.00000000000000
2025-05-27 02:40:42,0.18906064209275,36.39425499999197,36.39425499999197,0.00000000000000
2025-05-27 02:40:43,0.20128730251609,36.76229600000079,36.76229600000079,0.00000000000000
2025-05-27 02:40:44,0.19362455726092,36.67281800000637,36.67281800000637,0.00000000000000
2025-05-27 02:40:45,0.16534472239170,36.69021400000202,36.69021400000202,0.00000000000000
2025-05-27 02:40:46,0.14828660436137,36.52584699999716,36.52584699999716,0.00000000000000
2025-05-27 02:40:47,0.15911949685535,36.32430799999565,36.32430799999565,0.00000000000000
2025-05-27 02:40:48,0.15254237288136,36.32186799999909,36.32186799999909,0.00000000000000
2025-05-27 02:40:49,0.16913580246914,36.42019499999878,36.42019499999878,0.00000000000000
2025-05-27 02:40:50,0.21616871704745,36.66207600000780,36.66207600000780,0.00000000000000
2025-05-27 02:40:51,0.18525179856115,36.32974099999410,36.32974099999410,0.00000000000000
2025-05-27 02:40:52,0.14959652389820,36.53866300001391,36.53866300001391,0.00000000000000
2025-05-27 02:40:53,0.14554579673777,36.46658199999365,36.46658199999365,0.00000000000000
2025-05-27 02:40:54,0.14856429463171,36.41494600000442,36.41494600000442,0.00000000000000
2025-05-27 02:40:55,0.16666666666667,36.24374299999909,36.24374299999909,0.00000000000000
2025-05-27 02:40:56,0.18034751348113,36.22524899999553,36.22524899999553,0.00000000000000
2025-05-27 02:40:57,0.16082603254068,36.16634999999951,36.16634999999951,0.00000000000000
2025-05-27 02:40:58,0.15370255133790,36.16220000000612,36.16220000000612,0.00000000000000
2025-05-27 02:40:59,0.16216216216216,36.68520900000294,36.68520900000294,0.00000000000000
2025-05-27 02:41:00,0.18527607361963,37.04800000000978,37.04800000000978,0.00000000000000
2025-05-27 02:41:01,0.17923362175525,36.60946499998681,36.60946499998681,0.00000000000000
2025-05-27 02:41:02,0.18432076600838,36.74130000000878,36.74130000000878,0.00000000000000
2025-05-27 02:41:03,0.17341389728097,36.52621199999703,36.52621199999703,0.00000000000000
2025-05-27 02:41:04,0.17010935601458,36.59365700000490,36.59365700000490,0.00000000000000
2025-05-27 02:41:05,0.17533252720677,36.78036199999042,36.78036199999042,0.00000000000000
2025-05-27 02:41:06,0.16727493917275,36.72964200000570,36.72964200000570,0.00000000000000
2025-05-27 02:41:07,0.16687268232386,36.36459199999808,36.36459199999808,0.00000000000000
2025-05-27 02:41:08,0.13944723618090,36.53610100000515,36.53610100000515,0.00000000000000
2025-05-27 02:41:09,0.18103448275862,36.96157499999390,36.96157499999390,0.00000000000000
2025-05-27 02:41:10,0.17565112053301,36.51919400000770,36.51919400000770,0.00000000000000
2025-05-27 02:41:11,0.16717325227964,36.62020599999232,36.62020599999232,0.00000000000000
2025-05-27 02:41:12,0.15731030228254,36.40597399999388,36.40597399999388,0.00000000000000
2025-05-27 02:41:13,0.17256097560976,36.35342299999320,36.35342299999320,0.00000000000000
2025-05-27 02:41:14,0.18642048838594,36.45083400000294,36.45083400000294,0.00000000000000
2025-05-27 02:41:15,0.17073170731707,36.52059800000279,36.52059800000279,0.00000000000000
2025-05-27 02:41:16,0.17472793228537,36.41055099999357,36.41055099999357,0.00000000000000
2025-05-27 02:41:17,0.18576598311218,36.68972500000382,36.68972500000382,0.00000000000000
2025-05-27 02:41:18,0.16368128474367,36.14913800000795,36.14913800000795,0.00000000000000
2025-05-27 02:41:19,0.42265795206972,40.55153199999768,40.55153199999768,0.00000000000000
2025-05-27 02:41:20,0.66150442477876,43.83130900000106,43.83130900000106,0.00000000000000
2025-05-27 02:41:21,0.62514029180696,45.91974299999129,45.91974299999129,0.00000000000000
2025-05-27 02:41:22,0.62038567493113,46.61505400000897,46.61505400000897,0.00000000000000
2025-05-27 02:41:23,0.49463519313305,45.30213099998946,45.30213099998946,0.00000000000000
2025-05-27 02:41:24,0.50520547945205,42.63343500001065,42.63343500001065,0.00000000000000
2025-05-27 02:41:25,0.48594164456233,40.33852000000479,40.33852000000479,0.00000000000000
2025-05-27 02:41:26,0.41768131286395,39.94997099999455,39.94997099999455,0.00000000000000
2025-05-27 02:41:27,0.46527777777778,40.96840100000554,40.96840100000554,0.00000000000000
2025-05-27 02:41:28,0.53673245614035,42.18745299999136,42.18745299999136,0.00000000000000
2025-05-27 02:41:29,0.44745222929936,42.04377600000589,42.04377600000589,0.00000000000000
2025-05-27 02:41:30,0.65100671140940,46.29669599999033,46.29669599999033,0.00000000000000
2025-05-27 02:41:31,0.52251250694830,44.49659000000975,44.49659000000975,0.00000000000000
2025-05-27 02:41:32,0.65679824561404,46.12933699999121,46.12933699999121,0.00000000000000
2025-05-27 02:41:33,0.74665924276169,54.33116000000155,54.33116000000155,0.00000000000000
2025-05-27 02:41:34,0.57057220708447,48.22216699999990,48.22216699999990,0.00000000000000
2025-05-27 02:41:35,0.45459488852637,43.58820600000035,43.58820600000035,0.00000000000000
2025-05-27 02:41:36,0.69751693002257,49.74224400000821,49.74224400000821,0.00000000000000
2025-05-27 02:41:37,0.69902912621359,48.26733200000308,48.26733200000308,0.00000000000000
2025-05-27 02:41:38,0.48502994011976,42.53053099999670,42.53053099999670,0.00000000000000
2025-05-27 02:41:39,0.45866245392312,40.49049699999159,40.49049699999159,0.00000000000000
2025-05-27 02:41:40,0.44932975871314,42.02583199999935,42.02583199999935,0.00000000000000
2025-05-27 02:41:41,0.45717344753747,40.16078600000765,40.16078600000765,0.00000000000000
2025-05-27 02:41:42,0.42359249329759,39.70900499999698,39.70900499999698,0.00000000000000
2025-05-27 02:41:43,0.46057441253264,39.74605299999530,39.74605299999530,0.00000000000000
2025-05-27 02:41:44,0.42704436130412,39.19368600001326,39.19368600001326,0.00000000000000
2025-05-27 02:41:45,0.47589424572317,39.74641999999585,39.74641999999585,0.00000000000000
2025-05-27 02:41:46,0.51040525739321,41.81916699999420,41.81916699999420,0.00000000000000
2025-05-27 02:41:47,0.47613882863341,41.15114000000176,41.15114000000176,0.00000000000000
2025-05-27 02:41:48,0.50658241179568,40.64534299999650,40.64534299999650,0.00000000000000
2025-05-27 02:41:49,0.45967316816025,39.64418499999738,39.64418499999738,0.00000000000000
2025-05-27 02:41:50,0.51431658562939,41.87055900000269,41.87055900000269,0.00000000000000
2025-05-27 02:41:51,0.52950643776824,42.19862300000386,42.19862300000386,0.00000000000000
2025-05-27 02:41:52,0.45034519383962,39.57375100000354,39.57375100000354,0.00000000000000
2025-05-27 02:41:53,0.46754563894523,38.61037499998929,38.61037499998929,0.00000000000000
2025-05-27 02:41:54,0.43437005798629,41.16273600001296,41.16273600001296,0.00000000000000
2025-05-27 02:41:55,0.42569002123142,39.66225199999462,39.66225199999462,0.00000000000000
2025-05-27 02:41:56,0.44368779465689,39.51686699999846,39.51686699999846,0.00000000000000
2025-05-27 02:41:57,0.53655913978495,42.95771400000376,42.95771400000376,0.00000000000000
2025-05-27 02:41:58,0.65789473684211,45.13538300000073,45.13538300000073,0.00000000000000
2025-05-27 02:41:59,0.74957794034890,51.69127399999707,51.69127399999707,0.00000000000000
2025-05-27 02:42:00,0.68904788112273,50.73180300000240,50.73180300000240,0.00000000000000
2025-05-27 02:42:01,0.54209668658338,45.46783999999752,45.46783999999752,0.00000000000000
2025-05-27 02:42:02,0.49812332439678,40.60292400000617,40.60292400000617,0.00000000000000
2025-05-27 02:42:03,0.41983122362869,39.32332399999723,39.32332399999723,0.00000000000000
2025-05-27 02:42:04,0.48813916710596,42.64698499999940,42.64698499999940,0.00000000000000
2025-05-27 02:42:05,0.43709677419355,39.64821400000073,39.64821400000073,0.00000000000000
2025-05-27 02:42:06,0.46895074946467,42.64552099999855,42.64552099999855,0.00000000000000
2025-05-27 02:42:07,0.61772853185596,42.51887300000817,42.51887300000817,0.00000000000000
2025-05-27 02:42:08,0.49944567627494,42.26191599998856,42.26191599998856,0.00000000000000
2025-05-27 02:42:09,0.45714285714286,41.45088200000464,41.45088200000464,0.00000000000000
2025-05-27 02:42:10,0.52002135611319,42.57221800000116,42.57221800000116,0.00000000000000
2025-05-27 02:42:11,0.43855932203390,39.01021500000206,39.01021500000206,0.00000000000000
2025-05-27 02:42:12,0.44111349036403,39.11513399999239,39.11513399999239,0.00000000000000
2025-05-27 02:42:13,0.44148936170213,39.88148999999976,39.88148999999976,0.00000000000000
2025-05-27 02:42:14,0.57079400333148,44.04444199999853,44.04444199999853,0.00000000000000
2025-05-27 02:42:15,0.49478308621636,42.62324300000910,42.62324300000910,0.00000000000000
2025-05-27 02:42:16,0.47447916666667,40.25044699999853,40.25044699999853,0.00000000000000
2025-05-27 02:42:17,0.44832985386221,39.93782500000088,39.93782500000088,0.00000000000000
2025-05-27 02:42:18,0.44026548672566,41.06379899999592,41.06379899999592,0.00000000000000
2025-05-27 02:42:19,0.46885617214043,44.29810400000133,44.29810400000133,0.00000000000000
2025-05-27 02:42:20,0.38695163104612,40.71034499999951,40.71034499999951,0.00000000000000
2025-05-27 02:42:21,0.41736227045075,39.79475899999670,39.79475899999670,0.00000000000000
2025-05-27 02:42:22,0.38409854423292,39.91859899999690,39.91859899999690,0.00000000000000
2025-05-27 02:42:23,0.39397260273973,39.62202999999863,39.62202999999863,0.00000000000000
2025-05-27 02:42:24,0.56408775981524,44.75415800001065,44.75415800001065,0.00000000000000
2025-05-27 02:42:25,0.64972067039106,49.01916100000381,49.01916100000381,0.00000000000000
2025-05-27 02:42:26,0.46261944912872,44.34961799999292,44.34961799999292,0.00000000000000
2025-05-27 02:42:27,0.57013574660633,45.85162800000398,45.85162800000398,0.00000000000000
2025-05-27 02:42:28,0.48162803843980,43.27235099999234,43.27235099999234,0.00000000000000
2025-05-27 02:42:29,0.57494279176201,44.92700900000636,44.92700900000636,0.00000000000000
2025-05-27 02:42:30,0.62464346833999,47.38415600000008,47.38415600000008,0.00000000000000
2025-05-27 02:42:31,0.77384196185286,51.06102700000338,51.06102700000338,0.00000000000000
2025-05-27 02:42:32,0.72158154859967,51.34703599999193,51.34703599999193,0.00000000000000
2025-05-27 02:42:33,0.75400773908237,51.30992800000240,51.30992800000240,0.00000000000000
2025-05-27 02:42:34,0.75645959318307,51.96214699999837,51.96214699999837,0.00000000000000
2025-05-27 02:42:35,0.66395222584148,52.07274299999699,52.07274299999699,0.00000000000000
2025-05-27 02:42:36,0.46243093922652,45.96332200001052,45.96332200001052,0.00000000000000
2025-05-27 02:42:37,0.64651416122004,49.87310300000536,49.87310300000536,0.00000000000000
2025-05-27 02:42:38,0.70625662778367,53.72917099999904,53.72917099999904,0.00000000000000
2025-05-27 02:42:39,0.57621621621622,48.25036400000681,48.25036400000681,0.00000000000000
2025-05-27 02:42:40,0.32869855394883,39.27883099998871,39.27883099998871,0.00000000000000
2025-05-27 02:42:41,0.32071269487751,39.03273700000136,39.03273700000136,0.00000000000000
2025-05-27 02:42:42,0.53629976580796,43.90211000001000,43.90211000001000,0.00000000000000
2025-05-27 02:42:43,0.42750287686997,41.55116299999645,41.55116299999645,0.00000000000000
2025-05-27 02:42:44,0.36189402480271,40.51643699999840,40.51643699999840,0.00000000000000
2025-05-27 02:42:45,0.51100110011001,45.10706199999549,45.10706199999549,0.00000000000000
2025-05-27 02:42:46,0.72200983069361,55.32792300000438,55.32792300000438,0.00000000000000
2025-05-27 02:42:47,0.72237052856380,54.77219799999148,54.77219799999148,0.00000000000000
2025-05-27 02:42:48,0.33165266106443,39.94246400000702,39.94246400000702,0.00000000000000
2025-05-27 02:42:49,0.49750692520776,42.80640899999707,42.80640899999707,0.00000000000000
2025-05-27 02:42:50,0.46852367688022,41.25660799999605,41.25660799999605,0.00000000000000
2025-05-27 02:42:51,0.36194240542067,40.78419800000847,40.78419800000847,0.00000000000000
2025-05-27 02:42:52,0.33836689038031,38.84584699998959,38.84584699998959,0.00000000000000
2025-05-27 02:42:53,0.37076749435666,40.14424600001075,40.14424600001075,0.00000000000000
2025-05-27 02:42:54,0.36597649692222,39.83699499999057,39.83699499999057,0.00000000000000
2025-05-27 02:42:55,0.37142857142857,40.18135400000028,40.18135400000028,0.00000000000000
2025-05-27 02:42:56,0.48392652123995,41.33839499999885,41.33839499999885,0.00000000000000
2025-05-27 02:42:57,0.50201265094882,42.91181700000016,42.91181700000016,0.00000000000000
2025-05-27 02:42:58,0.58850313033580,42.03834400000051,42.03834400000051,0.00000000000000
2025-05-27 02:42:59,0.49416990560800,44.74445399999968,44.74445399999968,0.00000000000000
2025-05-27 02:43:00,0.36749716874292,42.52345000000787,42.52345000000787,0.00000000000000
2025-05-27 02:43:01,0.42312072892938,42.49995300000592,42.49995300000592,0.00000000000000
2025-05-27 02:43:02,0.50392817059484,41.96858200000133,41.96858200000133,0.00000000000000
2025-05-27 02:43:03,0.36941964285714,40.13557800000126,40.13557800000126,0.00000000000000
2025-05-27 02:43:04,0.37294633077766,39.01497600000584,39.01497600000584,0.00000000000000
2025-05-27 02:43:05,0.38202866593164,39.47902499999327,39.47902499999327,0.00000000000000
2025-05-27 02:43:06,0.41344537815126,39.95436600000539,39.95436600000539,0.00000000000000
2025-05-27 02:43:07,0.39358108108108,39.91335000000254,39.91335000000254,0.00000000000000
2025-05-27 02:43:08,0.32829977628635,38.63173700000334,38.63173700000334,0.00000000000000
2025-05-27 02:43:09,0.42648709315376,42.21088999998756,42.21088999998756,0.00000000000000
2025-05-27 02:43:10,0.40886146943354,41.53785800001060,41.53785800001060,0.00000000000000
2025-05-27 02:43:11,0.41931818181818,41.49488900000870,41.49488900000870,0.00000000000000
2025-05-27 02:43:12,0.41564927857936,40.04524599999422,40.04524599999422,0.00000000000000
2025-05-27 02:43:13,0.53732193732194,42.79469100000279,42.79469100000279,0.00000000000000
2025-05-27 02:43:14,0.52901023890785,43.38911000000371,43.38911000000371,0.00000000000000
2025-05-27 02:43:15,0.41316685584563,40.80024899999262,40.80024899999262,0.00000000000000
2025-05-27 02:43:16,0.48533480907582,44.44257400000060,44.44257400000060,0.00000000000000
2025-05-27 02:43:17,0.34604439385316,42.38404699999955,42.38404699999955,0.00000000000000
2025-05-27 02:43:18,0.42375690607735,42.44685199999367,42.44685199999367,0.00000000000000
2025-05-27 02:43:19,0.50815850815851,41.86769100000674,41.86769100000674,0.00000000000000
2025-05-27 02:43:20,0.37393767705382,40.55696400000306,40.55696400000306,0.00000000000000
2025-05-27 02:43:21,0.34302325581395,40.41408099999535,40.41408099999535,0.00000000000000
2025-05-27 02:43:22,0.39350797266515,42.22102200001245,42.22102200001245,0.00000000000000
2025-05-27 02:43:23,0.38362573099415,41.35066299999016,41.35066299999016,0.00000000000000
2025-05-27 02:43:24,0.30859835100118,39.95912599998701,39.95912599998701,0.00000000000000
2025-05-27 02:43:25,0.35199076745528,40.11580300000787,40.11580300000787,0.00000000000000
2025-05-27 02:43:26,0.51766068326578,41.45607099999324,41.45607099999324,0.00000000000000
2025-05-27 02:43:27,0.40314430095452,39.64119500000379,39.64119500000379,0.00000000000000
2025-05-27 02:43:28,0.34448160535117,39.22664500000246,39.22664500000246,0.00000000000000
2025-05-27 02:43:29,0.49793753682970,41.80354300000181,41.80354300000181,0.00000000000000
2025-05-27 02:43:30,0.47461629279811,41.62861699999485,41.62861699999485,0.00000000000000
2025-05-27 02:43:31,0.62981859410431,48.03753499999584,48.03753499999584,0.00000000000000
2025-05-27 02:43:32,0.28871242200794,38.75746900000377,38.75746900000377,0.00000000000000
2025-05-27 02:43:33,0.37492745211840,40.64137599999958,40.64137599999958,0.00000000000000
2025-05-27 02:43:34,0.48174322732627,41.55989099999715,41.55989099999715,0.00000000000000
2025-05-27 02:43:35,0.62755716004813,43.70234099999652,43.70234099999652,0.00000000000000
2025-05-27 02:43:36,0.49506674405107,42.94770500001323,42.94770500001323,0.00000000000000
2025-05-27 02:43:37,0.32946210268949,43.20344199999818,43.20344199999818,0.00000000000000
2025-05-27 02:43:38,0.31363088057901,42.66193899999780,42.66193899999780,0.00000000000000
2025-05-27 02:43:39,0.42554410080183,41.63380500000494,41.63380500000494,0.00000000000000
2025-05-27 02:43:40,0.35104578858112,39.03450699998939,39.03450699998939,0.00000000000000
2025-05-27 02:43:41,0.36628226249314,39.81984399999783,39.81984399999783,0.00000000000000
2025-05-27 02:43:42,0.53210463733650,42.80500500000198,42.80500500000198,0.00000000000000
2025-05-27 02:43:43,0.54909936083672,45.84448699999484,45.84448699999484,0.00000000000000
2025-05-27 02:43:44,0.36179775280899,39.49898299999768,39.49898299999768,0.00000000000000
2025-05-27 02:43:45,0.34794988610478,39.84706600000209,39.84706600000209,0.00000000000000
2025-05-27 02:43:46,0.43176605504587,40.32155199999397,40.32155199999397,0.00000000000000
2025-05-27 02:43:47,0.35234899328859,39.44142800000554,39.44142800000554,0.00000000000000
2025-05-27 02:43:48,0.44087837837838,40.98085199999332,40.98085199999332,0.00000000000000
2025-05-27 02:43:49,0.34743372814439,39.79036400000041,39.79036400000041,0.00000000000000
2025-05-27 02:43:50,0.41253561253561,40.02400699999998,40.02400699999998,0.00000000000000
2025-05-27 02:43:51,0.36026936026936,38.57558500001323,38.57558500001323,0.00000000000000
2025-05-27 02:43:52,0.57776497695853,45.81164999998873,45.81164999998873,0.00000000000000
2025-05-27 02:43:53,0.40188568061285,40.28987500000221,40.28987500000221,0.00000000000000
2025-05-27 02:43:54,0.32478134110787,40.18324700000812,40.18324700000812,0.00000000000000
2025-05-27 02:43:55,0.39235525576166,39.61012800000026,39.61012800000026,0.00000000000000
2025-05-27 02:43:56,0.34628008752735,38.95729699998628,38.95729699998628,0.00000000000000
2025-05-27 02:43:57,0.37983193277311,39.32527699999628,39.32527699999628,0.00000000000000
2025-05-27 02:43:58,0.45973729297544,41.06672800000524,41.06672800000524,0.00000000000000
2025-05-27 02:43:59,0.32285233015160,39.25466000000597,39.25466000000597,0.00000000000000
2025-05-27 02:44:00,0.33560477001704,40.00685599999269,40.00685599999269,0.00000000000000
2025-05-27 02:44:01,0.33780760626398,38.92824500000279,38.92824500000279,0.00000000000000
2025-05-27 02:44:02,0.38124306326304,39.56850199999462,39.56850199999462,0.00000000000000
2025-05-27 02:44:03,0.55357142857143,44.26264300000912,44.26264300000912,0.00000000000000
2025-05-27 02:44:04,0.49718151071026,41.89906299998984,41.89906299998984,0.00000000000000
2025-05-27 02:44:05,0.38052568697730,43.22938100001193,43.22938100001193,0.00000000000000
2025-05-27 02:44:06,0.25402726146221,42.57935800000269,42.57935800000269,0.00000000000000
2025-05-27 02:44:07,0.40543806646526,42.73017699999036,42.73017699999036,0.00000000000000
2025-05-27 02:44:08,0.44801401869159,41.52687100000912,41.52687100000912,0.00000000000000
2025-05-27 02:44:09,0.37315968289921,39.87532500000088,39.87532500000088,0.00000000000000
2025-05-27 02:44:10,0.31757925072046,38.94960700000229,38.94960700000229,0.00000000000000
2025-05-27 02:44:11,0.37731611454239,40.05507399998896,40.05507399998896,0.00000000000000
2025-05-27 02:44:12,0.31561085972851,38.80196300000534,38.80196300000534,0.00000000000000
2025-05-27 02:44:13,0.34078212290503,38.75313599999936,38.75313599999936,0.00000000000000
2025-05-27 02:44:14,0.43429216018049,41.81068399999640,41.81068399999640,0.00000000000000
2025-05-27 02:44:15,0.48197674418605,40.74794200000179,40.74794200000179,0.00000000000000
2025-05-27 02:44:16,0.31887323943662,38.88442200000281,38.88442200000281,0.00000000000000
2025-05-27 02:44:17,0.44456762749446,39.69197600000189,39.69197600000189,0.00000000000000
2025-05-27 02:44:18,0.54694835680751,44.43579899999895,44.43579899999895,0.00000000000000
2025-05-27 02:44:19,0.72923588039867,51.54723100000410,51.54723100000410,0.00000000000000
2025-05-27 02:44:20,0.68004338394794,51.11516499999561,51.11516499999561,0.00000000000000
2025-05-27 02:44:21,0.39825897714908,41.73341300000902,41.73341300000902,0.00000000000000
2025-05-27 02:44:22,0.27777777777778,36.89059199999610,36.89059199999610,0.00000000000000
2025-05-27 02:44:23,0.27504060638874,36.74954000000434,36.74954000000434,0.00000000000000
2025-05-27 02:44:24,0.27483801295896,36.43002099999285,36.43002099999285,0.00000000000000
2025-05-27 02:44:25,0.29867256637168,37.49904999999853,37.49904999999853,0.00000000000000
2025-05-27 02:44:26,0.55154028436019,42.20911999999953,42.20911999999953,0.00000000000000
2025-05-27 02:44:27,0.52647412755716,45.85407000000123,45.85407000000123,0.00000000000000
2025-05-27 02:44:28,0.33293978748524,43.11097299998801,43.11097299998801,0.00000000000000
2025-05-27 02:44:29,0.38665879574970,44.02295900000900,44.02295900000900,0.00000000000000
2025-05-27 02:44:30,0.41732283464567,40.45900299999630,40.45900299999630,0.00000000000000
2025-05-27 02:44:31,0.37722829212191,40.37190600000031,40.37190600000031,0.00000000000000
2025-05-27 02:44:32,0.40090600226501,39.73317399999360,39.73317399999360,0.00000000000000
2025-05-27 02:44:33,0.32818532818533,38.01644300000044,38.01644300000044,0.00000000000000
2025-05-27 02:44:34,0.39637002341920,40.48952000000281,40.48952000000281,0.00000000000000
2025-05-27 02:44:35,0.33448474381117,39.76485199999297,39.76485199999297,0.00000000000000
2025-05-27 02:44:36,0.55522565320665,43.14948700000241,43.14948700000241,0.00000000000000
2025-05-27 02:44:37,0.49151550614394,42.18519399999059,42.18519399999059,0.00000000000000
2025-05-27 02:44:38,0.33549528301887,42.59669299999950,42.59669299999950,0.00000000000000
2025-05-27 02:44:39,0.31205673758865,42.43849000000046,42.43849000000046,0.00000000000000
2025-05-27 02:44:40,0.37077997671711,42.04511900000216,42.04511900000216,0.00000000000000
2025-05-27 02:44:41,0.38059701492537,40.41743800000404,40.41743800000404,0.00000000000000
2025-05-27 02:44:42,0.34486607142857,39.46492500000750,39.46492500000750,0.00000000000000
2025-05-27 02:44:43,0.42209302325581,40.65913699999510,40.65913699999510,0.00000000000000
2025-05-27 02:44:44,0.34176503653738,39.85213199999998,39.85213199999998,0.00000000000000
2025-05-27 02:44:45,0.53243090806543,42.82459699999890,42.82459699999890,0.00000000000000
2025-05-27 02:44:46,0.47169811320755,41.60011299999314,41.60011299999314,0.00000000000000
2025-05-27 02:44:47,0.32311062431544,38.00094100000570,38.00094100000570,0.00000000000000
2025-05-27 02:44:48,0.42742857142857,40.79451200000767,40.79451200000767,0.00000000000000
2025-05-27 02:44:49,0.30721181147076,39.47414199999184,39.47414199999184,0.00000000000000
2025-05-27 02:44:50,0.38687782805430,39.91212999999698,39.91212999999698,0.00000000000000
2025-05-27 02:44:51,0.53111782477341,41.70399399999587,41.70399399999587,0.00000000000000
2025-05-27 02:44:52,0.46592894583576,42.15290800000366,42.15290800000366,0.00000000000000
2025-05-27 02:44:53,0.51433586892920,43.31031400000211,43.31031400000211,0.00000000000000
2025-05-27 02:44:54,0.29415239220319,42.34687600001052,42.34687600001052,0.00000000000000
2025-05-27 02:44:55,0.31435349940688,42.45612899999833,42.45612899999833,0.00000000000000
2025-05-27 02:44:56,0.45470485096435,42.53443699999480,42.53443699999480,0.00000000000000
2025-05-27 02:44:57,0.46884100174723,43.59192999999505,43.59192999999505,0.00000000000000
2025-05-27 02:44:58,0.51518560179978,44.45990800000436,44.45990800000436,0.00000000000000
2025-05-27 02:44:59,0.57330939557151,45.03046300000278,45.03046300000278,0.00000000000000
2025-05-27 02:45:00,0.35942028985507,41.99177500000224,41.99177500000224,0.00000000000000
2025-05-27 02:45:01,0.35588705380927,37.45974299999943,37.45974299999943,0.00000000000000
2025-05-27 02:45:02,0.29151094500801,37.02053499998874,37.02053499998874,0.00000000000000
2025-05-27 02:45:03,0.39614074914869,40.09456300000602,40.09456300000602,0.00000000000000
2025-05-27 02:45:04,0.43663594470046,42.26655400000163,42.26655400000163,0.00000000000000
2025-05-27 02:45:05,0.73704954954955,51.76360099999874,51.76360099999874,0.00000000000000
2025-05-27 02:45:06,0.65861875350926,50.77086600000621,50.77086600000621,0.00000000000000
2025-05-27 02:45:07,0.43673695893452,45.17169899999863,45.17169899999863,0.00000000000000
2025-05-27 02:45:08,0.68802698145025,53.89066999999341,53.89066999999341,0.00000000000000
2025-05-27 02:45:09,0.54387926215763,46.08710099999735,46.08710099999735,0.00000000000000
2025-05-27 02:45:10,0.42187500000000,40.28706800000509,40.28706800000509,0.00000000000000
2025-05-27 02:45:11,0.32587492828457,40.46577699999034,40.46577699999034,0.00000000000000
2025-05-27 02:45:12,0.29611650485437,41.92445400000724,41.92445400000724,0.00000000000000
2025-05-27 02:45:13,0.47689674843126,41.66310100001283,41.66310100001283,0.00000000000000
2025-05-27 02:45:14,0.39854260089686,39.85457299998961,39.85457299998961,0.00000000000000
2025-05-27 02:45:15,0.42114285714286,40.34767500001180,40.34767500001180,0.00000000000000
2025-05-27 02:45:16,0.66827794561934,44.32044399999722,44.32044399999722,0.00000000000000
2025-05-27 02:45:17,0.63933518005540,46.28491600000416,46.28491600000416,0.00000000000000
2025-05-27 02:45:18,0.58195754716981,48.67492399999173,48.67492399999173,0.00000000000000
2025-05-27 02:45:19,0.29486404833837,42.51795700000366,42.51795700000366,0.00000000000000
2025-05-27 02:45:20,0.32889158086008,42.04884299999685,42.04884299999685,0.00000000000000
2025-05-27 02:45:21,0.37842778793419,40.50886800000444,40.50886800000444,0.00000000000000
2025-05-27 02:45:22,0.37376237623762,40.34565999999177,40.34565999999177,0.00000000000000
2025-05-27 02:45:23,0.30463576158940,39.39876399999775,39.39876399999775,0.00000000000000
2025-05-27 02:45:24,0.57719298245614,47.19928100000834,47.19928100000834,0.00000000000000
2025-05-27 02:45:25,0.65161649944259,50.98479400000360,50.98479400000360,0.00000000000000
2025-05-27 02:45:26,0.40317654245571,42.29292199999327,42.29292199999327,0.00000000000000
2025-05-27 02:45:27,0.48894348894349,42.03431700001238,42.03431700001238,0.00000000000000
2025-05-27 02:45:28,0.27968655816757,38.30702999999630,38.30702999999630,0.00000000000000
2025-05-27 02:45:29,0.31604342581423,40.52821699999913,40.52821699999913,0.00000000000000
2025-05-27 02:45:30,0.26735063367532,38.63130999999703,38.63130999999703,0.00000000000000
2025-05-27 02:45:31,0.43574417214585,43.40510099999665,43.40510099999665,0.00000000000000
2025-05-27 02:45:32,0.35528700906344,41.07716500000970,41.07716500000970,0.00000000000000
2025-05-27 02:45:33,0.31272294887039,39.06282799999462,39.06282799999462,0.00000000000000
2025-05-27 02:45:34,0.63811297330850,44.71241000000737,44.71241000000737,0.00000000000000
2025-05-27 02:45:35,0.61239368165249,43.43647299999429,43.43647299999429,0.00000000000000
2025-05-27 02:45:36,0.36769964243147,43.25458900000376,43.25458900000376,0.00000000000000
2025-05-27 02:45:37,0.30810488676996,42.57850499999768,42.57850499999768,0.00000000000000
2025-05-27 02:45:38,0.31227217496962,40.81502000000910,40.81502000000910,0.00000000000000
2025-05-27 02:45:39,0.42813826561552,42.01484599999094,42.01484599999094,0.00000000000000
2025-05-27 02:45:40,0.30612244897959,40.50825800000166,40.50825800000166,0.00000000000000
2025-05-27 02:45:41,0.39661426844015,41.63710000000719,41.63710000000719,0.00000000000000
2025-05-27 02:45:42,0.62427409988386,48.39727599998878,48.39727599998878,0.00000000000000
2025-05-27 02:45:43,0.50031075201989,42.83045700000366,42.83045700000366,0.00000000000000
2025-05-27 02:45:44,0.58299595141700,49.84441499999957,49.84441499999957,0.00000000000000
2025-05-27 02:45:45,0.29411764705882,39.36195999999472,39.36195999999472,0.00000000000000
2025-05-27 02:45:46,0.31131533601379,39.27834200000507,39.27834200000507,0.00000000000000
2025-05-27 02:45:47,0.30361445783133,40.66328700000304,40.66328700000304,0.00000000000000
2025-05-27 02:45:48,0.33154121863799,41.13936000000103,41.13936000000103,0.00000000000000
2025-05-27 02:45:49,0.51092233009709,42.44447100000980,42.44447100000980,0.00000000000000
2025-05-27 02:45:50,0.27927927927928,38.69582399999490,38.69582399999490,0.00000000000000
2025-05-27 02:45:51,0.60570365778053,43.39338300000236,43.39338300000236,0.00000000000000
2025-05-27 02:45:52,0.53001200480192,43.43396999999823,43.43396999999823,0.00000000000000
2025-05-27 02:45:53,0.39492753623188,43.70215900000767,43.70215900000767,0.00000000000000
2025-05-27 02:45:54,0.30406212664277,41.92060800000036,41.92060800000036,0.00000000000000
2025-05-27 02:45:55,0.30727272727273,41.47907999999006,41.47907999999006,0.00000000000000
2025-05-27 02:45:56,0.48432698217578,42.00917000000481,42.00917000000481,0.00000000000000
2025-05-27 02:45:57,0.31306441902468,39.58669100000407,39.58669100000407,0.00000000000000
2025-05-27 02:45:58,0.28772144166158,39.34267299999192,39.34267299999192,0.00000000000000
2025-05-27 02:45:59,0.67414403778040,48.71032399999967,48.71032399999967,0.00000000000000
2025-05-27 02:46:00,0.53427172582619,44.55866300000343,44.55866300000343,0.00000000000000
2025-05-27 02:46:01,0.53708281829419,44.34351500000048,44.34351500000048,0.00000000000000
2025-05-27 02:46:02,0.47284929835265,45.56128399999579,45.56128399999579,0.00000000000000
2025-05-27 02:46:03,0.46026894865526,43.75019299999985,43.75019299999985,0.00000000000000
2025-05-27 02:46:04,0.37158145065398,43.10633500000404,43.10633500000404,0.00000000000000
2025-05-27 02:46:05,0.44067796610169,40.82106299999577,40.82106299999577,0.00000000000000
2025-05-27 02:46:06,0.32351172579675,40.64497599999595,40.64497599999595,0.00000000000000
2025-05-27 02:46:07,0.26996424314660,39.51442600000883,39.51442600000883,0.00000000000000
2025-05-27 02:46:08,0.31906158357771,40.02602000000479,40.02602000000479,0.00000000000000
2025-05-27 02:46:09,0.38332333533293,41.55891400000837,41.55891400000837,0.00000000000000
2025-05-27 02:46:10,0.28776119402985,40.47060000000056,40.47060000000056,0.00000000000000
2025-05-27 02:46:11,0.31071428571429,39.57027199999720,39.57027199999720,0.00000000000000
2025-05-27 02:46:12,0.56314826113484,43.29145400000561,43.29145400000561,0.00000000000000
2025-05-27 02:46:13,0.40747663551402,40.55049499998859,40.55049499998859,0.00000000000000
2025-05-27 02:46:14,0.46562123039807,44.66754999999830,44.66754999999830,0.00000000000000
2025-05-27 02:46:15,0.37462597247157,42.83326400000078,42.83326400000078,0.00000000000000
2025-05-27 02:46:16,0.29332516840171,41.63044799999625,41.63044799999625,0.00000000000000
2025-05-27 02:46:17,0.44009489916963,41.20637600000191,41.20637600000191,0.00000000000000
2025-05-27 02:46:18,0.31754705525197,39.28059999999823,39.28059999999823,0.00000000000000
2025-05-27 02:46:19,0.28184615384615,39.73805800000264,39.73805800000264,0.00000000000000
2025-05-27 02:46:20,0.62282282282282,46.40118699999584,46.40118699999584,0.00000000000000
2025-05-27 02:46:21,0.54079110012361,43.39747199999692,43.39747199999692,0.00000000000000
2025-05-27 02:46:22,0.45313432835821,44.32746200000111,44.32746200000111,0.00000000000000
2025-05-27 02:46:23,0.52021726010863,45.49768600000243,45.49768600000243,0.00000000000000
2025-05-27 02:46:24,0.46369737644905,43.05634799999825,43.05634799999825,0.00000000000000
2025-05-27 02:46:25,0.37230769230769,43.26996900000086,43.26996900000086,0.00000000000000
2025-05-27 02:46:26,0.53508236729713,42.60755700001027,42.60755700001027,0.00000000000000
2025-05-27 02:46:27,0.28623188405797,40.31135999999242,40.31135999999242,0.00000000000000
2025-05-27 02:46:28,0.27062314540059,39.67311600000539,39.67311600000539,0.00000000000000
2025-05-27 02:46:29,0.33964497041420,40.12361499998951,40.12361499998951,0.00000000000000
2025-05-27 02:46:30,0.30783024506874,40.67097700000159,40.67097700000159,0.00000000000000
2025-05-27 02:46:31,0.27696969696970,38.78225000000384,38.78225000000384,0.00000000000000
2025-05-27 02:46:32,0.36589698046181,40.44221799999650,40.44221799999650,0.00000000000000
2025-05-27 02:46:33,0.38391777509069,40.41206699999748,40.41206699999748,0.00000000000000
2025-05-27 02:46:34,0.26902008520998,39.62410499999532,39.62410499999532,0.00000000000000
2025-05-27 02:46:35,0.27594481103779,39.41866100000334,39.41866100000334,0.00000000000000
2025-05-27 02:46:36,0.36244019138756,40.87928999999713,40.87928999999713,0.00000000000000
2025-05-27 02:46:37,0.33474320241692,40.47731299999577,40.47731299999577,0.00000000000000
2025-05-27 02:46:38,0.30054315027158,40.26192099999753,40.26192099999753,0.00000000000000
2025-05-27 02:46:39,0.28953922789539,39.61372900000424,39.61372900000424,0.00000000000000
2025-05-27 02:46:40,0.56734947237741,44.46723300000303,44.46723300000303,0.00000000000000
2025-05-27 02:46:41,0.47123623011016,42.07917700000689,42.07917700000689,0.00000000000000
2025-05-27 02:46:42,0.46930091185410,43.82911099999910,43.82911099999910,0.00000000000000
2025-05-27 02:46:43,0.27432024169184,42.13947999999800,42.13947999999800,0.00000000000000
2025-05-27 02:46:44,0.33011466505733,41.26515300000028,41.26515300000028,0.00000000000000
2025-05-27 02:46:45,0.41034897713598,43.11304899999232,43.11304899999232,0.00000000000000
2025-05-27 02:46:46,0.52628470171294,46.58722200000193,46.58722200000193,0.00000000000000
2025-05-27 02:46:47,0.41362530413625,40.45723299999372,40.45723299999372,0.00000000000000
2025-05-27 02:46:48,0.30159668835009,40.61275000000023,40.61275000000023,0.00000000000000
2025-05-27 02:46:49,0.29179149191132,41.81782500000554,41.81782500000554,0.00000000000000
2025-05-27 02:46:50,0.37515225334957,42.64338399999542,42.64338399999542,0.00000000000000
2025-05-27 02:46:51,0.30645161290323,39.21419400000013,39.21419400000013,0.00000000000000
2025-05-27 02:46:52,0.26510067114094,36.14797900000121,36.14797900000121,0.00000000000000
2025-05-27 02:46:53,0.27835616438356,35.72653199998604,35.72653199998604,0.00000000000000
2025-05-27 02:46:54,0.23782234957020,36.77340400000685,36.77340400000685,0.00000000000000
2025-05-27 02:46:55,0.19831730769231,36.77779900000314,36.77779900000314,0.00000000000000
2025-05-27 02:46:56,0.20983995257854,37.09121400000004,37.09121400000004,0.00000000000000
2025-05-27 02:46:57,0.22255017709563,36.75076100000297,36.75076100000297,0.00000000000000
2025-05-27 02:46:58,0.18249075215783,36.78512300000875,36.78512300000875,0.00000000000000
2025-05-27 02:46:59,0.23522316043426,38.15853200000129,38.15853200000129,0.00000000000000
2025-05-27 02:47:00,0.20818505338078,36.63241399999242,36.63241399999242,0.00000000000000
2025-05-27 02:47:01,0.23226950354610,39.58748400000331,39.58748400000331,0.00000000000000
2025-05-27 02:47:02,0.20535714285714,36.87960499999463,36.87960499999463,0.00000000000000
2025-05-27 02:47:03,0.20357142857143,36.88021600000502,36.88021600000502,0.00000000000000
2025-05-27 02:47:04,0.19228450874020,37.16537099999550,37.16537099999550,0.00000000000000
2025-05-27 02:47:05,0.16821849782744,36.94503499999701,36.94503499999701,0.00000000000000
2025-05-27 02:47:06,0.23648247177659,37.52010600001086,37.52010600001086,0.00000000000000
2025-05-27 02:47:07,0.23879716981132,37.50503099999332,37.50503099999332,0.00000000000000
2025-05-27 02:47:08,0.19076549210207,37.02181700000074,37.02181700000074,0.00000000000000
2025-05-27 02:47:09,0.20000000000000,37.14895299999625,37.14895299999625,0.00000000000000
2025-05-27 02:47:10,0.20500595947557,36.91775200000848,36.91775200000848,0.00000000000000
2025-05-27 02:47:11,0.19204892966361,36.88692900000024,36.88692900000024,0.00000000000000
2025-05-27 02:47:12,0.22248107163658,36.79073900000367,36.79073900000367,0.00000000000000
2025-05-27 02:47:13,0.19047619047619,36.87960499999463,36.87960499999463,0.00000000000000
2025-05-27 02:47:14,0.23347230494342,37.55636100000993,37.55636100000993,0.00000000000000
2025-05-27 02:47:15,0.27425149700599,38.24099099999876,38.24099099999876,0.00000000000000
2025-05-27 02:47:16,0.21228384019082,37.19424000001163,37.19424000001163,0.00000000000000
2025-05-27 02:47:17,0.20967741935484,37.24013900000136,37.24013900000136,0.00000000000000
2025-05-27 02:47:18,0.21891418563923,37.09200699999928,37.09200699999928,0.00000000000000
2025-05-27 02:47:19,0.23157283807313,37.06899699999485,37.06899699999485,0.00000000000000
2025-05-27 02:47:20,0.20367081113085,37.32412299999851,37.32412299999851,0.00000000000000
2025-05-27 02:47:21,0.21599532983071,37.10000299999956,37.10000299999956,0.00000000000000
2025-05-27 02:47:22,0.35533869115959,39.41518199999700,39.41518199999700,0.00000000000000
2025-05-27 02:47:23,0.52142857142857,42.19331299999612,42.19331299999612,0.00000000000000
2025-05-27 02:47:24,0.45153374233129,42.65296700000181,42.65296700000181,0.00000000000000
2025-05-27 02:47:25,0.62201834862385,43.03937899999437,43.03937899999437,0.00000000000000
2025-05-27 02:47:26,0.44376899696049,43.93122299999231,43.93122299999231,0.00000000000000
2025-05-27 02:47:27,0.37861783815712,42.92377900000429,42.92377900000429,0.00000000000000
2025-05-27 02:47:28,0.37410071942446,43.15528500000073,43.15528500000073,0.00000000000000
2025-05-27 02:47:29,0.48883666274971,42.20301699999254,42.20301699999254,0.00000000000000
2025-05-27 02:47:30,0.39519519519520,40.81898700000602,40.81898700000602,0.00000000000000
2025-05-27 02:47:31,0.32831499710481,39.29988700000104,39.29988700000104,0.00000000000000
2025-05-27 02:47:32,0.46274038461538,43.28132300000289,43.28132300000289,0.00000000000000
2025-05-27 02:47:33,0.58050586057989,44.35932199998933,44.35932199998933,0.00000000000000
2025-05-27 02:47:34,0.55382775119617,43.24628899998788,43.24628899998788,0.00000000000000
2025-05-27 02:47:35,0.49130173965207,43.07307000001310,43.07307000001310,0.00000000000000
2025-05-27 02:47:36,0.45520581113801,43.89893599999778,43.89893599999778,0.00000000000000
2025-05-27 02:47:37,0.34363852556480,42.89356699999189,42.89356699999189,0.00000000000000
2025-05-27 02:47:38,0.35800970873786,42.66505200001120,42.66505200001120,0.00000000000000
2025-05-27 02:47:39,0.44087938205585,41.71870399999898,41.71870399999898,0.00000000000000
2025-05-27 02:47:40,0.42487980769231,41.34376699999848,41.34376699999848,0.00000000000000
2025-05-27 02:47:41,0.32083092902481,38.97090800000296,38.97090800000296,0.00000000000000
2025-05-27 02:47:42,0.56392294220665,44.38202699999965,44.38202699999965,0.00000000000000
2025-05-27 02:47:43,0.48845470692718,43.52961299999151,43.52961299999151,0.00000000000000
2025-05-27 02:47:44,0.45432835820896,41.31434700000682,41.31434700000682,0.00000000000000
2025-05-27 02:47:45,0.48002421307506,43.45106099999975,43.45106099999975,0.00000000000000
2025-05-27 02:47:46,0.47818696883853,41.58259599999292,41.58259599999292,0.00000000000000
2025-05-27 02:47:47,0.42320819112628,45.42481099998986,45.42481099998986,0.00000000000000
2025-05-27 02:47:48,0.32701421800948,42.65437100001145,42.65437100001145,0.00000000000000
2025-05-27 02:47:49,0.40012143290832,42.47895599999174,42.47895599999174,0.00000000000000
2025-05-27 02:47:50,0.44549763033175,43.23151800000051,43.23151800000051,0.00000000000000
2025-05-27 02:47:51,0.46302816901408,41.23774799999956,41.23774799999956,0.00000000000000
2025-05-27 02:47:52,0.38898550724638,41.43867600000522,41.43867600000522,0.00000000000000
2025-05-27 02:47:53,0.33646506165590,40.94722099999490,40.94722099999490,0.00000000000000
2025-05-27 02:47:54,0.31334509112287,40.01973400000134,40.01973400000134,0.00000000000000
2025-05-27 02:47:55,0.29762594093804,38.83284800000547,38.83284800000547,0.00000000000000
2025-05-27 02:47:56,0.40496822645869,41.14601199999743,41.14601199999743,0.00000000000000
2025-05-27 02:47:57,0.33654937570942,39.23982900001283,39.23982900001283,0.00000000000000
2025-05-27 02:47:58,0.37729357798165,39.70930999999109,39.70930999999109,0.00000000000000
2025-05-27 02:47:59,0.33157894736842,40.78376999999455,40.78376999999455,0.00000000000000
2025-05-27 02:48:00,0.44985163204748,42.33271600000444,42.33271600000444,0.00000000000000
2025-05-27 02:48:01,0.27611044417767,42.22553900000639,42.22553900000639,0.00000000000000
2025-05-27 02:48:02,0.36115942028986,41.09840599999006,41.09840599999006,0.00000000000000
2025-05-27 02:48:03,0.58388454600120,46.71765299999970,46.71765299999970,0.00000000000000
2025-05-27 02:48:04,0.70331491712707,50.92375900001207,50.92375900001207,0.00000000000000
2025-05-27 02:48:05,0.73076923076923,51.89366600000358,51.89366600000358,0.00000000000000
2025-05-27 02:48:06,0.73569321533923,49.28008599999885,49.28008599999885,0.00000000000000
2025-05-27 02:48:07,0.59595959595960,45.01111500000115,45.01111500000115,0.00000000000000
2025-05-27 02:48:08,0.62836624775583,47.29669299999659,47.29669299999659,0.00000000000000
2025-05-27 02:48:09,0.79584775086505,52.15355299999646,52.15355299999646,0.00000000000000
2025-05-27 02:48:10,0.81238938053097,52.02867600000172,52.02867600000172,0.00000000000000
2025-05-27 02:48:11,0.76113585746102,51.63213099999120,51.63213099999120,0.00000000000000
2025-05-27 02:48:12,0.73645179691957,51.05846299999394,51.05846299999394,0.00000000000000
2025-05-27 02:48:13,0.69491525423729,51.37297699999181,51.37297699999181,0.00000000000000
2025-05-27 02:48:14,0.70950027457441,51.70934000000125,51.70934000000125,0.00000000000000
2025-05-27 02:48:15,0.66976998904710,51.04997900000308,51.04997900000308,0.00000000000000
2025-05-27 02:48:16,0.63279569892473,50.32506699999794,50.32506699999794,0.00000000000000
2025-05-27 02:48:17,0.27856701667696,42.49110199999996,42.49110199999996,0.00000000000000
2025-05-27 02:48:18,0.32832230907998,42.28089699998964,42.28089699998964,0.00000000000000
2025-05-27 02:48:19,0.51759708737864,44.36426699999720,44.36426699999720,0.00000000000000
2025-05-27 02:48:20,0.41782898726501,43.35236700001406,43.35236700001406,0.00000000000000
2025-05-27 02:48:21,0.56816851960211,46.74914800000261,46.74914800000261,0.00000000000000
2025-05-27 02:48:22,0.47157390783962,43.73572799999965,43.73572799999965,0.00000000000000
2025-05-27 02:48:23,0.23667252489748,39.33467700000620,39.33467700000620,0.00000000000000
2025-05-27 02:48:24,0.47683755404571,44.01007999997819,44.01007999997819,0.00000000000000
2025-05-27 02:48:25,0.49113924050633,42.54444700002205,42.54444700002205,0.00000000000000
2025-05-27 02:48:26,0.47014051522248,45.88519800000358,45.88519800000358,0.00000000000000
2025-05-27 02:48:27,0.43146603098927,44.42774199999985,44.42774199999985,0.00000000000000
2025-05-27 02:48:28,0.33047735618115,43.15089099999750,43.15089099999750,0.00000000000000
2025-05-27 02:48:29,0.43792464484250,42.50422499998240,42.50422499998240,0.00000000000000
2025-05-27 02:48:30,0.35200974421437,40.82185599999502,40.82185599999502,0.00000000000000
2025-05-27 02:48:31,0.28277945619335,39.88435800001025,39.88435800001025,0.00000000000000
2025-05-27 02:48:32,0.27364663890541,39.23756999999750,39.23756999999750,0.00000000000000
2025-05-27 02:48:33,0.43496932515337,43.59144099999685,43.59144099999685,0.00000000000000
2025-05-27 02:48:34,0.48828606658446,42.64265300001716,42.64265300001716,0.00000000000000
2025-05-27 02:48:35,0.42883323152108,42.24549699999625,42.24549699999625,0.00000000000000
2025-05-27 02:48:36,0.31405964698722,43.01350100000855,43.01350100000855,0.00000000000000
2025-05-27 02:48:37,0.31036585365854,43.49158800000441,43.49158800000441,0.00000000000000
2025-05-27 02:48:38,0.41908212560386,42.08930799999507,42.08930799999507,0.00000000000000
2025-05-27 02:48:39,0.49907464528069,42.57447600000887,42.57447600000887,0.00000000000000
2025-05-27 02:48:40,0.25835866261398,38.66695499999332,38.66695499999332,0.00000000000000
2025-05-27 02:48:41,0.26702508960573,39.12935500001186,39.12935500001186,0.00000000000000
2025-05-27 02:48:42,0.37332521315469,41.77827400001115,41.77827400001115,0.00000000000000
2025-05-27 02:48:43,0.47947761194030,42.99635000000126,42.99635000000126,0.00000000000000
2025-05-27 02:48:44,0.44217687074830,42.55048900001566,42.55048900001566,0.00000000000000
2025-05-27 02:48:45,0.37568389057751,38.95259800000349,38.95259800000349,0.00000000000000
2025-05-27 02:48:46,0.34280420012353,40.38276999999653,40.38276999999653,0.00000000000000
2025-05-27 02:48:47,0.27399756986634,39.46449899999425,39.46449899999425,0.00000000000000
2025-05-27 02:48:48,0.23745410036720,39.84297699999297,39.84297699999297,0.00000000000000
2025-05-27 02:48:49,0.26466992665037,38.99837400001707,38.99837400001707,0.00000000000000
2025-05-27 02:48:50,0.37864680322781,40.55928299998050,40.55928299998050,0.00000000000000
2025-05-27 02:48:51,0.25526641883519,39.37203100000625,39.37203100000625,0.00000000000000
2025-05-27 02:48:52,0.46235220908525,42.63447300001280,42.63447300001280,0.00000000000000
2025-05-27 02:48:53,0.31226993865031,39.50526999999420,39.50526999999420,0.00000000000000
2025-05-27 02:48:54,0.48914354644150,44.74677300002077,44.74677300002077,0.00000000000000
2025-05-27 02:48:55,0.71286581998896,51.42339099998935,51.42339099998935,0.00000000000000
2025-05-27 02:48:56,0.49484536082474,43.52710999999545,43.52710999999545,0.00000000000000
2025-05-27 02:48:57,0.24618096357227,37.94600900000660,37.94600900000660,0.00000000000000
2025-05-27 02:48:58,0.20192307692308,37.04995399998734,37.04995399998734,0.00000000000000
2025-05-27 02:48:59,0.24258600237248,38.17165499998373,38.17165499998373,0.00000000000000
2025-05-27 02:49:00,0.20992135511192,37.82985899999039,37.82985899999039,0.00000000000000
2025-05-27 02:49:01,0.25498241500586,38.28975799999898,38.28975799999898,0.00000000000000
2025-05-27 02:49:02,0.19207317073171,36.88998100001481,36.88998100001481,0.00000000000000
2025-05-27 02:49:03,0.19331306990881,37.03341299999738,37.03341299999738,0.00000000000000
2025-05-27 02:49:04,0.18623232944069,37.14022500001010,37.14022500001010,0.00000000000000
2025-05-27 02:49:05,0.20424242424242,37.97597699999460,37.97597699999460,0.00000000000000
2025-05-27 02:49:06,0.20982413583990,37.38125199999195,37.38125199999195,0.00000000000000
2025-05-27 02:49:07,0.17042606516291,36.65902500000084,36.65902500000084,0.00000000000000
2025-05-27 02:49:08,0.18327183271833,37.10274999999092,37.10274999999092,0.00000000000000
2025-05-27 02:49:09,0.19195612431444,36.45144400000572,36.45144400000572,0.00000000000000
2025-05-27 02:49:10,0.19891172914148,37.18368200000259,37.18368200000259,0.00000000000000
2025-05-27 02:49:11,0.18780487804878,36.65267700000550,36.65267700000550,0.00000000000000
2025-05-27 02:49:12,0.21394799054374,36.74306999999681,36.74306999999681,0.00000000000000
2025-05-27 02:49:13,0.21099820681411,36.57742099999450,36.57742099999450,0.00000000000000
2025-05-27 02:49:14,0.19146341463415,37.00430000000051,37.00430000000051,0.00000000000000
2025-05-27 02:49:15,0.18925518925519,37.76247700001113,37.76247700001113,0.00000000000000
2025-05-27 02:49:16,0.20828331332533,37.38131299999077,37.38131299999077,0.00000000000000
2025-05-27 02:49:17,0.20120481927711,36.72756800000207,36.72756800000207,0.00000000000000
2025-05-27 02:49:18,0.21055753262159,37.63241099999868,37.63241099999868,0.00000000000000
2025-05-27 02:49:19,0.25167785234899,36.85897500001010,36.85897500001010,0.00000000000000
2025-05-27 02:49:20,0.26821192052980,37.04507200000808,37.04507200000808,0.00000000000000
2025-05-27 02:49:21,0.24547511312217,36.89229999997769,36.89229999997769,0.00000000000000
2025-05-27 02:49:22,0.23041474654378,36.67819000000600,36.67819000000600,0.00000000000000
2025-05-27 02:49:23,0.27049637479085,37.31362500000978,37.31362500000978,0.00000000000000
2025-05-27 02:49:24,0.23757225433526,37.43734299999778,37.43734299999778,0.00000000000000
2025-05-27 02:49:25,0.24330484330484,37.31008500000462,37.31008500000462,0.00000000000000
2025-05-27 02:49:26,0.26162464985994,36.77273299999069,36.77273299999069,0.00000000000000
2025-05-27 02:49:27,0.25379000561482,37.04616999998689,37.04616999998689,0.00000000000000
2025-05-27 02:49:28,0.24645892351275,37.17995799999335,37.17995799999335,0.00000000000000
2025-05-27 02:49:29,0.27897727272727,37.92025200001081,37.92025200001081,0.00000000000000
2025-05-27 02:49:30,0.26480446927374,36.92135299998336,36.92135299998336,0.00000000000000
2025-05-27 02:49:31,0.28993435448578,37.22250000000349,37.22250000000349,0.00000000000000
2025-05-27 02:49:32,0.25867861142217,36.43435500000487,36.43435500000487,0.00000000000000
2025-05-27 02:49:33,0.24232081911263,36.95138300000690,36.95138300000690,0.00000000000000
2025-05-27 02:49:34,0.25420875420875,36.97646800000803,36.97646800000803,0.00000000000000
2025-05-27 02:49:35,0.25600894354388,36.72378299999400,36.72378299999400,0.00000000000000
2025-05-27 02:49:36,0.26599326599327,37.76388000001316,37.76388000001316,0.00000000000000
2025-05-27 02:49:37,0.22364589400116,37.52724799999851,37.52724799999851,0.00000000000000
2025-05-27 02:49:38,0.23812249570693,37.16256399999838,37.16256399999838,0.00000000000000
2025-05-27 02:49:39,0.24344355758267,37.24080999998841,37.24080999998841,0.00000000000000
2025-05-27 02:49:40,0.25505617977528,37.02499100001296,37.02499100001296,0.00000000000000
2025-05-27 02:49:41,0.24887387387387,37.12752899999032,37.12752899999032,0.00000000000000
2025-05-27 02:49:42,0.28084415584416,37.00875499998801,37.00875499998801,0.00000000000000
2025-05-27 02:49:43,0.24504810413130,37.33474300001399,37.33474300001399,0.00000000000000
2025-05-27 02:49:44,0.26052779337451,37.07149999999092,37.07149999999092,0.00000000000000
2025-05-27 02:49:45,0.27952329360780,36.88796700001694,36.88796700001694,0.00000000000000
2025-05-27 02:49:46,0.24929498025945,37.10140599997249,37.10140599997249,0.00000000000000
2025-05-27 02:49:47,0.26666666666667,37.14999000000535,37.14999000000535,0.00000000000000
2025-05-27 02:49:48,0.23874643874644,36.91714200002025,36.91714200002025,0.00000000000000
2025-05-27 02:49:49,0.26633444075305,37.16707999998471,37.16707999998471,0.00000000000000
2025-05-27 02:49:50,0.25196408529742,36.96322400000645,36.96322400000645,0.00000000000000
2025-05-27 02:49:51,0.26703296703297,36.74483999999939,36.74483999999939,0.00000000000000
2025-05-27 02:49:52,0.25888888888889,37.02810299998964,37.02810299998964,0.00000000000000
2025-05-27 02:49:53,0.27780852241284,37.22646800000803,37.22646800000803,0.00000000000000
2025-05-27 02:49:54,0.25938375350140,37.07686999998987,37.07686999998987,0.00000000000000
2025-05-27 02:49:55,0.25307950727884,37.41799499999615,37.41799499999615,0.00000000000000
2025-05-27 02:49:56,0.27823240589198,36.63558699999703,36.63558699999703,0.00000000000000
2025-05-27 02:49:57,0.26236798221234,37.34621800002060,37.34621800002060,0.00000000000000
2025-05-27 02:49:58,0.26754385964912,37.04537700000219,37.04537700000219,0.00000000000000
2025-05-27 02:49:59,0.28500551267916,38.06917699999758,38.06917699999758,0.00000000000000
2025-05-27 02:50:00,0.25892857142857,37.17287800001213,37.17287800001213,0.00000000000000
2025-05-27 02:50:01,0.25683371298405,39.55879799998365,39.55879799998365,0.00000000000000
2025-05-27 02:50:02,0.26696083838941,36.88290100000449,36.88290100000449,0.00000000000000
2025-05-27 02:50:03,0.24202733485194,37.32863899998483,37.32863899998483,0.00000000000000
2025-05-27 02:50:04,0.26621923937360,37.25198000000091,37.25198000000091,0.00000000000000
2025-05-27 02:50:05,0.25529542920847,37.15560600001481,37.15560600001481,0.00000000000000
2025-05-27 02:50:06,0.26152137701277,37.23287599999458,37.23287599999458,0.00000000000000
2025-05-27 02:50:07,0.24845070422535,37.39535099998466,37.39535099998466,0.00000000000000
2025-05-27 02:50:08,0.25445434298441,37.01778799999738,37.01778799999738,0.00000000000000
2025-05-27 02:50:09,0.28310010764263,37.28927200002363,37.28927200002363,0.00000000000000
2025-05-27 02:50:10,0.24577226606539,37.12606399998185,37.12606399998185,0.00000000000000
2025-05-27 02:50:11,0.23922902494331,37.09103100001812,37.09103100001812,0.00000000000000
2025-05-27 02:50:12,0.27913279132791,37.05923099999200,37.05923099999200,0.00000000000000
2025-05-27 02:50:13,0.24477105709440,37.16610400000354,37.16610400000354,0.00000000000000
2025-05-27 02:50:14,0.24508150646431,37.06985100000747,37.06985100000747,0.00000000000000
2025-05-27 02:50:15,0.25913621262458,36.90871899999911,36.90871899999911,0.00000000000000
2025-05-27 02:50:16,0.25280269058296,37.74599700002000,37.74599700002000,0.00000000000000
2025-05-27 02:50:17,0.25502232142857,37.28432899998734,37.28432899998734,0.00000000000000
2025-05-27 02:50:18,0.24943820224719,36.94045699998969,36.94045699998969,0.00000000000000
2025-05-27 02:50:19,0.22974537037037,37.33779499999946,37.33779499999946,0.00000000000000
2025-05-27 02:50:20,0.20595238095238,37.39779200000339,37.39779200000339,0.00000000000000
2025-05-27 02:50:21,0.20835820895522,37.21108700000332,37.21108700000332,0.00000000000000
2025-05-27 02:50:22,0.22059684025746,36.85757199997897,36.85757199997897,0.00000000000000
2025-05-27 02:50:23,0.24475524475524,37.45418800000334,37.45418800000334,0.00000000000000
2025-05-27 02:50:24,0.20930232558140,36.91421300001093,36.91421300001093,0.00000000000000
2025-05-27 02:50:25,0.21046373365042,36.91683699999703,36.91683699999703,0.00000000000000
2025-05-27 02:50:26,0.22626025791325,37.02987299999222,37.02987299999222,0.00000000000000
2025-05-27 02:50:27,0.23014492753623,36.97896999999648,36.97896999999648,0.00000000000000
2025-05-27 02:50:28,0.23782234957020,37.01833800002350,37.01833800002350,0.00000000000000
2025-05-27 02:50:29,0.23173652694611,38.21462399998563,38.21462399998563,0.00000000000000
2025-05-27 02:50:30,0.21344339622642,37.29098099999828,37.29098099999828,0.00000000000000
2025-05-27 02:50:31,0.25655326268823,36.49691600000369,36.49691600000369,0.00000000000000
2025-05-27 02:50:32,0.22505800464037,36.90206600000965,36.90206600000965,0.00000000000000
2025-05-27 02:50:33,0.20818505338078,37.12582099999418,37.12582099999418,0.00000000000000
2025-05-27 02:50:34,0.20574162679426,37.03268100001151,37.03268100001151,0.00000000000000
2025-05-27 02:50:35,0.20238805970149,37.08565899997484,37.08565899997484,0.00000000000000
2025-05-27 02:50:36,0.23027469316189,36.80569200002356,36.80569200002356,0.00000000000000
2025-05-27 02:50:37,0.19331306990881,37.21108699997421,37.21108699997421,0.00000000000000
2025-05-27 02:50:38,0.19545726240287,36.78841900001862,36.78841900001862,0.00000000000000
2025-05-27 02:50:39,0.20549581839904,36.83443899999838,36.83443899999838,0.00000000000000
2025-05-27 02:50:40,0.22666666666667,37.26089099998353,37.26089099998353,0.00000000000000
2025-05-27 02:50:41,0.17730061349693,37.07815200000186,37.07815200000186,0.00000000000000
2025-05-27 02:50:42,0.22007042253521,36.77639499999350,36.77639499999350,0.00000000000000
2025-05-27 02:50:43,0.24702549575071,36.59329099999741,36.59329099999741,0.00000000000000
2025-05-27 02:50:44,0.21867612293144,37.32479400001466,37.32479400001466,0.00000000000000
2025-05-27 02:50:45,0.23200921128382,36.58749199999147,36.58749199999147,0.00000000000000
2025-05-27 02:50:46,0.18590522478736,37.17361100000562,37.17361100000562,0.00000000000000
2025-05-27 02:50:47,0.19770253929867,37.27407399998629,37.27407399998629,0.00000000000000
2025-05-27 02:50:48,0.19312009656005,37.13564700001734,37.13564700001734,0.00000000000000
2025-05-27 02:50:49,0.21407624633431,37.16848399999435,37.16848399999435,0.00000000000000
2025-05-27 02:50:50,0.19242333132892,37.04970999999205,37.04970999999205,0.00000000000000
2025-05-27 02:50:51,0.21251475796930,36.69943000000785,36.69943000000785,0.00000000000000
2025-05-27 02:50:52,0.23475258918297,36.83193699998083,36.83193699998083,0.00000000000000
2025-05-27 02:50:53,0.20533010296790,37.74093100000755,37.74093100000755,0.00000000000000
2025-05-27 02:50:54,0.20215311004785,37.75417599998764,37.75417599998764,0.00000000000000
2025-05-27 02:50:55,0.20621637776449,37.34011400002055,37.34011400002055,0.00000000000000
2025-05-27 02:50:56,0.18829209414605,36.98440299998038,36.98440299998038,0.00000000000000
2025-05-27 02:50:57,0.20298507462687,37.48610999999801,37.48610999999801,0.00000000000000
2025-05-27 02:50:58,0.18020769700672,37.25204099999974,37.25204099999974,0.00000000000000
2025-05-27 02:50:59,0.19623329283111,37.68606100001489,37.68606100001489,0.00000000000000
2025-05-27 02:51:00,0.18761384335155,37.31844699999783,37.31844699999783,0.00000000000000
2025-05-27 02:51:01,0.26348665530948,37.07363499997882,37.07363499997882,0.00000000000000
2025-05-27 02:51:02,0.20298507462687,37.62423200000194,37.62423200000194,0.00000000000000
2025-05-27 02:51:03,0.18765133171913,36.91531099998974,36.91531099998974,0.00000000000000
2025-05-27 02:51:04,0.19372359686180,36.90499599999748,36.90499599999748,0.00000000000000
2025-05-27 02:51:05,0.22421784472769,36.80044299998553,36.80044299998553,0.00000000000000
2025-05-27 02:51:06,0.18187347931873,37.14522900001612,37.14522900001612,0.00000000000000
2025-05-27 02:51:07,0.21677495569994,37.08974900000612,37.08974900000612,0.00000000000000
2025-05-27 02:51:08,0.19976004799040,36.89742699998897,36.89742699998897,0.00000000000000
2025-05-27 02:51:09,0.17863720073665,37.29501000000164,37.29501000000164,0.00000000000000
2025-05-27 02:51:10,0.17868338557994,38.00112300002365,38.00112300002365,0.00000000000000
2025-05-27 02:51:11,0.18532110091743,37.78011599997990,37.78011599997990,0.00000000000000
2025-05-27 02:51:12,0.22189866045428,36.60781600000337,36.60781600000337,0.00000000000000
2025-05-27 02:51:13,0.20771513353116,37.40224799999851,37.40224799999851,0.00000000000000
2025-05-27 02:51:14,0.21314387211368,36.97512499999721,36.97512499999721,0.00000000000000
2025-05-27 02:51:15,0.21083627797409,36.94595100000151,36.94595100000151,0.00000000000000
2025-05-27 02:51:16,0.22059684025746,37.07156000001123,37.07156000001123,0.00000000000000
2025-05-27 02:51:17,0.21508544490277,36.73226699998486,36.73226699998486,0.00000000000000
2025-05-27 02:51:18,0.21647058823529,36.74734299999545,36.74734299999545,0.00000000000000
2025-05-27 02:51:19,0.21807580174927,37.16860600002110,37.16860600002110,0.00000000000000
2025-05-27 02:51:20,0.19588875453446,37.73525499997777,37.73525499997777,0.00000000000000
2025-05-27 02:51:21,0.18209500609013,37.27438000001712,37.27438000001712,0.00000000000000
2025-05-27 02:51:22,0.17444717444717,36.89663400000427,36.89663400000427,0.00000000000000
2025-05-27 02:51:23,0.16666666666667,36.95522699999856,36.95522699999856,0.00000000000000
2025-05-27 02:51:24,0.18165249088700,36.55160399997840,36.55160399997840,0.00000000000000
2025-05-27 02:51:25,0.17909535452323,36.52731100001256,36.52731100001256,0.00000000000000
2025-05-27 02:51:26,0.19286577992745,37.37038800001028,37.37038800001028,0.00000000000000
2025-05-27 02:51:27,0.21749271137026,36.89559599998756,36.89559599998756,0.00000000000000
2025-05-27 02:51:28,0.20332936979786,37.10195599999861,37.10195599999861,0.00000000000000
2025-05-27 02:51:29,0.21103117505995,37.40822899999330,37.40822899999330,0.00000000000000
2025-05-27 02:51:30,0.19698795180723,36.56509200000437,36.56509200000437,0.00000000000000
2025-05-27 02:51:31,0.20801414260460,36.91720299998997,36.91720299998997,0.00000000000000
2025-05-27 02:51:32,0.18109756097561,36.93880900001386,36.93880900001386,0.00000000000000
2025-05-27 02:51:33,0.17986494782075,36.59609700000146,36.59609700000146,0.00000000000000
2025-05-27 02:51:34,0.21741671537113,36.65511799999513,36.65511799999513,0.00000000000000
2025-05-27 02:51:35,0.15703517587940,37.35341999999946,37.35341999999946,0.00000000000000
2025-05-27 02:51:36,0.17501546072975,36.60299499999383,36.60299499999383,0.00000000000000
2025-05-27 02:51:37,0.16469120399251,36.85378800000763,36.85378800000763,0.00000000000000
2025-05-27 02:51:38,0.17498459642637,36.86715400000685,36.86715400000685,0.00000000000000
2025-05-27 02:51:39,0.16821273964131,36.96627499998431,36.96627499998431,0.00000000000000
2025-05-27 02:51:40,0.24081878386514,38.22438900000998,38.22438900000998,0.00000000000000
2025-05-27 02:51:41,0.16998754669988,36.98861400000169,36.98861400000169,0.00000000000000
2025-05-27 02:51:42,0.18253486961795,36.83993300001021,36.83993300001021,0.00000000000000
2025-05-27 02:51:43,0.25128792215226,38.92116499997792,38.92116499997792,0.00000000000000
2025-05-27 02:51:44,0.17874692874693,37.41677400001208,37.41677400001208,0.00000000000000
2025-05-27 02:51:45,0.17527675276753,36.89388699998381,36.89388699998381,0.00000000000000
2025-05-27 02:51:46,0.19542994588094,37.03145999999833,37.03145999999833,0.00000000000000
2025-05-27 02:51:47,0.19807923169268,37.39675500002340,37.39675500002340,0.00000000000000
2025-05-27 02:51:48,0.18765133171913,36.83865099999821,36.83865099999821,0.00000000000000
2025-05-27 02:51:49,0.18995765275257,37.26125700000557,37.26125700000557,0.00000000000000
2025-05-27 02:51:50,0.18998793727382,36.86861899998621,36.86861899998621,0.00000000000000
2025-05-27 02:51:51,0.17751842751843,36.98452399999951,36.98452399999951,0.00000000000000
2025-05-27 02:51:52,0.18746195982958,37.82332900000620,37.82332900000620,0.00000000000000
2025-05-27 02:51:53,0.17029210689869,36.77828699999372,36.77828699999372,0.00000000000000
2025-05-27 02:51:54,0.17444717444717,37.12081500000204,37.12081500000204,0.00000000000000
2025-05-27 02:51:55,0.16687422166874,36.55593699999736,36.55593699999736,0.00000000000000
2025-05-27 02:51:56,0.19165659008464,36.97121899999911,36.97121899999911,0.00000000000000
2025-05-27 02:51:57,0.18799272286234,36.45718199998373,36.45718199998373,0.00000000000000
2025-05-27 02:51:58,0.21437198067633,37.12008300001617,37.12008300001617,0.00000000000000
2025-05-27 02:51:59,0.18660880347179,37.67031399998814,37.67031399998814,0.00000000000000
2025-05-27 02:52:00,0.18831572405221,37.27358599999570,37.27358599999570,0.00000000000000
2025-05-27 02:52:01,0.16635630043451,36.94332600000780,36.94332600000780,0.00000000000000
2025-05-27 02:52:02,0.17618170656845,36.82595599998604,36.82595599998604,0.00000000000000
2025-05-27 02:52:03,0.21352941176471,36.78170500000124,36.78170500000124,0.00000000000000
2025-05-27 02:52:04,0.18570555894930,37.59566799999448,37.59566799999448,0.00000000000000
2025-05-27 02:52:05,0.17804878048780,36.57589500001632,36.57589500001632,0.00000000000000
2025-05-27 02:52:06,0.18570555894930,37.54195700000855,37.54195700000855,0.00000000000000
2025-05-27 02:52:07,0.19279279279279,36.90926799998851,36.90926799998851,0.00000000000000
2025-05-27 02:52:08,0.19044740024184,37.24557099997764,37.24557099997764,0.00000000000000
2025-05-27 02:52:09,0.21335697399527,37.34908700000960,37.34908700000960,0.00000000000000
2025-05-27 02:52:10,0.17618170656845,37.07693099998869,37.07693099998869,0.00000000000000
2025-05-27 02:52:11,0.17661388550548,36.53201100000297,36.53201100000297,0.00000000000000
2025-05-27 02:52:12,0.18226002430134,37.11855699997977,37.11855699997977,0.00000000000000
2025-05-27 02:52:13,0.16676999380037,37.11874100001296,37.11874100001296,0.00000000000000
2025-05-27 02:52:14,0.22382671480144,39.63606799999252,39.63606799999252,0.00000000000000
2025-05-27 02:52:15,0.22749391727494,39.09352700001909,39.09352700001909,0.00000000000000
2025-05-27 02:52:16,0.20350657482780,37.56893499998841,37.56893499998841,0.00000000000000
2025-05-27 02:52:17,0.17404674046740,36.98061900000903,36.98061900000903,0.00000000000000
2025-05-27 02:52:18,0.19399399399399,37.09719500000938,37.09719500000938,0.00000000000000
2025-05-27 02:52:19,0.19223771983020,36.99068899999838,36.99068899999838,0.00000000000000
2025-05-27 02:52:20,0.18734793187348,36.91524999999092,36.91524999999092,0.00000000000000
2025-05-27 02:52:21,0.19940119760479,36.79873400001088,36.79873400001088,0.00000000000000
2025-05-27 02:52:22,0.19424460431655,36.73952999999165,36.73952999999165,0.00000000000000
2025-05-27 02:52:23,0.21482778750730,36.69180099997902,36.69180099997902,0.00000000000000
2025-05-27 02:52:24,0.18814277071990,36.64840500001446,36.64840500001446,0.00000000000000
2025-05-27 02:52:25,0.19426180514047,36.70553300000029,36.70553300000029,0.00000000000000
2025-05-27 02:52:26,0.21352941176471,36.96944900002563,36.96944900002563,0.00000000000000
2025-05-27 02:52:27,0.20700060350030,37.21566399998846,37.21566399998846,0.00000000000000
2025-05-27 02:52:28,0.21242603550296,37.28017799998634,37.28017799998634,0.00000000000000
2025-05-27 02:52:29,0.20183486238532,37.55379800000810,37.55379800000810,0.00000000000000
2025-05-27 02:52:30,0.18697225572979,37.12710199999856,37.12710199999856,0.00000000000000
2025-05-27 02:52:31,0.20921985815603,36.94058000002406,36.94058000002406,0.00000000000000
2025-05-27 02:52:32,0.20496160661548,36.92245199999888,36.92245199999888,0.00000000000000
2025-05-27 02:52:33,0.18941671677691,37.09493599997950,37.09493599997950,0.00000000000000
2025-05-27 02:52:34,0.17048977061376,37.23440200000186,37.23440200000186,0.00000000000000
2025-05-27 02:52:35,0.19242333132892,36.66500599999563,36.66500599999563,0.00000000000000
2025-05-27 02:52:36,0.22121760096444,37.56484600002295,37.56484600002295,0.00000000000000
2025-05-27 02:52:37,0.18024691358025,37.42171799999778,37.42171799999778,0.00000000000000
2025-05-27 02:52:38,0.19321623258631,36.94851399998879,36.94851399998879,0.00000000000000
2025-05-27 02:52:39,0.17172969621823,37.37423200000194,37.37423200000194,0.00000000000000
2025-05-27 02:52:40,0.22344747533372,36.65054100000998,36.65054100000998,0.00000000000000
2025-05-27 02:52:41,0.20781527531083,36.51138199999696,36.51138199999696,0.00000000000000
2025-05-27 02:52:42,0.18004866180049,37.11050099998829,37.11050099998829,0.00000000000000
2025-05-27 02:52:43,0.17372621240025,36.86196599999676,36.86196599999676,0.00000000000000
2025-05-27 02:52:44,0.19184652278177,37.42434299999150,37.42434299999150,0.00000000000000
2025-05-27 02:52:45,0.18757539203860,37.31533400001354,37.31533400001354,0.00000000000000
2025-05-27 02:52:46,0.20205066344994,37.37783399998443,37.37783399998443,0.00000000000000
2025-05-27 02:52:47,0.19156626506024,37.15188199997647,37.15188199997647,0.00000000000000
2025-05-27 02:52:48,0.21365509123014,36.89834300000803,36.89834300000803,0.00000000000000
2025-05-27 02:52:49,0.20143454871488,37.13308400000096,37.13308400000096,0.00000000000000
2025-05-27 02:52:50,0.18681983071342,36.93966400000500,36.93966400000500,0.00000000000000
2025-05-27 02:52:51,0.21231671554252,36.98568399998476,36.98568399998476,0.00000000000000
2025-05-27 02:52:52,0.20379146919431,36.44924700001138,36.44924700001138,0.00000000000000
2025-05-27 02:52:53,0.21553738317757,36.53433100000257,36.53433100000257,0.00000000000000
2025-05-27 02:52:54,0.20556872037915,36.27914299999247,36.27914299999247,0.00000000000000
2025-05-27 02:52:55,0.20023696682464,36.60635099999490,36.60635099999490,0.00000000000000
2025-05-27 02:52:56,0.22106481481481,37.06722700002138,37.06722700002138,0.00000000000000
2025-05-27 02:52:57,0.18438844499078,37.45956000001752,37.45956000001752,0.00000000000000
2025-05-27 02:52:58,0.19807923169268,37.05251700000372,37.05251700000372,0.00000000000000
2025-05-27 02:52:59,0.21040047818290,37.30190699998639,37.30190699998639,0.00000000000000
2025-05-27 02:53:00,0.19327217125382,37.04983200001880,37.04983200001880,0.00000000000000
2025-05-27 02:53:01,0.20790892750150,37.12551499999245,37.12551499999245,0.00000000000000
2025-05-27 02:53:02,0.19472738166567,36.73061900000903,36.73061900000903,0.00000000000000
2025-05-27 02:53:03,0.20035778175313,36.88692900000024,36.88692900000024,0.00000000000000
2025-05-27 02:53:04,0.19532654284002,37.05025999998907,37.05025999998907,0.00000000000000
2025-05-27 02:53:05,0.21852300242131,37.80001300000004,37.80001300000004,0.00000000000000
2025-05-27 02:53:06,0.20654761904762,37.11843500001123,37.11843500001123,0.00000000000000
2025-05-27 02:53:07,0.19323671497585,37.40914499998325,37.40914499998325,0.00000000000000
2025-05-27 02:53:08,0.20107719928187,37.33529300001101,37.33529300001101,0.00000000000000
2025-05-27 02:53:09,0.18409785932722,37.57235199998831,37.57235199998831,0.00000000000000
2025-05-27 02:53:10,0.18281535648995,37.19015199999558,37.19015199999558,0.00000000000000
2025-05-27 02:53:11,0.17220172201722,37.08541500000865,37.08541500000865,0.00000000000000
2025-05-27 02:53:12,0.19354838709677,36.94125100001111,36.94125100001111,0.00000000000000
2025-05-27 02:53:13,0.19761904761905,36.78420699998969,36.78420699998969,0.00000000000000
2025-05-27 02:53:14,0.19606674612634,36.54360800000723,36.54360800000723,0.00000000000000
2025-05-27 02:53:15,0.20023909145248,36.73226699998486,36.73226699998486,0.00000000000000
2025-05-27 02:53:16,0.21592920353982,37.04977099999087,37.04977099999087,0.00000000000000
2025-05-27 02:53:17,0.18087697929354,37.45168600001489,37.45168600001489,0.00000000000000
2025-05-27 02:53:18,0.23666288308740,36.63674700001138,36.63674700001138,0.00000000000000
2025-05-27 02:53:19,0.24483775811209,40.24299999998766,40.24299999998766,0.00000000000000
2025-05-27 02:53:20,0.27703066164605,37.28713599999901,37.28713599999901,0.00000000000000
2025-05-27 02:53:21,0.29188619599579,36.08352599997306,36.08352599997306,0.00000000000000
2025-05-27 02:53:22,0.27346278317152,36.29043500000262,36.29043500000262,0.00000000000000
2025-05-27 02:53:23,0.24762967094255,36.42886100002215,36.42886100002215,0.00000000000000
2025-05-27 02:53:24,0.30088495575221,36.21932899998501,36.21932899998501,0.00000000000000
2025-05-27 02:53:25,0.28012854847349,36.57998500001850,36.57998500001850,0.00000000000000
2025-05-27 02:53:26,0.29252782193959,36.31997499999125,36.31997499999125,0.00000000000000
2025-05-27 02:53:27,0.28730748805098,36.43746799998917,36.43746799998917,0.00000000000000
2025-05-27 02:53:28,0.28982418753330,36.58608800001093,36.58608800001093,0.00000000000000
2025-05-27 02:53:29,0.31056227009984,37.30050300000585,37.30050300000585,0.00000000000000
2025-05-27 02:53:30,0.29837441006817,36.89303300000029,36.89303300000029,0.00000000000000
2025-05-27 02:53:31,0.31002570694087,36.33511200000066,36.33511200000066,0.00000000000000
2025-05-27 02:53:32,0.30650154798762,36.48159599999781,36.48159599999781,0.00000000000000
2025-05-27 02:53:33,0.30021253985122,37.45925499999430,37.45925499999430,0.00000000000000
2025-05-27 02:53:34,0.30636743215031,36.53243799999473,36.53243799999473,0.00000000000000
2025-05-27 02:53:35,0.27888232133262,36.45693800001754,36.45693800001754,0.00000000000000
2025-05-27 02:53:36,0.27228260869565,36.69436399999540,36.69436399999540,0.00000000000000
2025-05-27 02:53:37,0.26996197718631,36.96737399999984,36.96737399999984,0.00000000000000
2025-05-27 02:53:38,0.26868131868132,37.71041299999342,37.71041299999342,0.00000000000000
2025-05-27 02:53:39,0.28760593220339,36.54702600001474,36.54702600001474,0.00000000000000
2025-05-27 02:53:40,0.30748805098247,36.94833099999232,36.94833099999232,0.00000000000000
2025-05-27 02:53:41,0.25346644481420,36.65438699998776,36.65438699998776,0.00000000000000
2025-05-27 02:53:42,0.28076718167288,36.25588800001424,36.25588800001424,0.00000000000000
2025-05-27 02:53:43,0.29049389272438,36.51937699998962,36.51937699998962,0.00000000000000
2025-05-27 02:53:44,0.30509355509356,36.45217699999921,36.45217699999921,0.00000000000000
2025-05-27 02:53:45,0.30208333333333,36.27444300000207,36.27444300000207,0.00000000000000
2025-05-27 02:53:46,0.27699784017279,36.39108200001647,36.39108200001647,0.00000000000000
2025-05-27 02:53:47,0.26502732240437,36.59115299998666,36.59115299998666,0.00000000000000
2025-05-27 02:53:48,0.28867623604466,36.48135200000252,36.48135200000252,0.00000000000000
2025-05-27 02:53:49,0.27169197396963,36.57723799999803,36.57723799999803,0.00000000000000
2025-05-27 02:53:50,0.28926493918562,36.21029600000475,36.21029600000475,0.00000000000000
2025-05-27 02:53:51,0.28250401284109,36.32247700000880,36.32247700000880,0.00000000000000
2025-05-27 02:53:52,0.28227102303160,36.66103899999871,36.66103899999871,0.00000000000000
2025-05-27 02:53:53,0.29374671571203,36.35684000002220,36.35684000002220,0.00000000000000
2025-05-27 02:53:54,0.29291845493562,37.45406699998421,37.45406699998421,0.00000000000000
2025-05-27 02:53:55,0.27044711014177,36.85098000001744,36.85098000001744,0.00000000000000
2025-05-27 02:53:56,0.27702335687127,36.59792800000287,36.59792800000287,0.00000000000000
2025-05-27 02:53:57,0.31025641025641,36.21414099997492,36.21414099997492,0.00000000000000
2025-05-27 02:53:58,0.27252985884908,37.18520800000988,37.18520800000988,0.00000000000000
2025-05-27 02:53:59,0.28579205225912,37.06106199999340,37.06106199999340,0.00000000000000
2025-05-27 02:54:00,0.27087912087912,37.41201400000136,37.41201400000136,0.00000000000000
2025-05-27 02:54:01,0.29234088457389,38.07686800000374,38.07686800000374,0.00000000000000
2025-05-27 02:54:02,0.25443458980044,36.93197299999883,36.93197299999883,0.00000000000000
2025-05-27 02:54:03,0.27768773635873,36.48336600000039,36.48336600000039,0.00000000000000
2025-05-27 02:54:04,0.28502930207778,36.33944599999813,36.33944599999813,0.00000000000000
2025-05-27 02:54:05,0.28051391862955,36.27993699998478,36.27993699998478,0.00000000000000
2025-05-27 02:54:06,0.26750547045952,37.12252400000580,37.12252400000580,0.00000000000000
2025-05-27 02:54:07,0.30617540217955,36.40511900000274,36.40511900000274,0.00000000000000
2025-05-27 02:54:08,0.30765253360910,36.25015199999325,36.25015199999325,0.00000000000000
2025-05-27 02:54:09,0.30439385918475,37.21956999998656,37.21956999998656,0.00000000000000
2025-05-27 02:54:10,0.31004140786749,35.77816800001892,35.77816800001892,0.00000000000000
2025-05-27 02:54:11,0.28806366047745,36.00820799998473,36.00820799998473,0.00000000000000
2025-05-27 02:54:12,0.30394190871369,36.19833300000755,36.19833300000755,0.00000000000000
2025-05-27 02:54:13,0.29759414225941,36.05990500000189,36.05990500000189,0.00000000000000
2025-05-27 02:54:14,0.29166666666667,36.05630399999791,36.05630399999791,0.00000000000000
2025-05-27 02:54:15,0.26289791437980,36.63375700000324,36.63375700000324,0.00000000000000
2025-05-27 02:54:16,0.28510411105179,36.47207399999024,36.47207399999024,0.00000000000000
2025-05-27 02:54:17,0.28334226031066,36.41952399999718,36.41952399999718,0.00000000000000
2025-05-27 02:54:18,0.28015350877193,36.89126300002681,36.89126300002681,0.00000000000000
2025-05-27 02:54:19,0.27486338797814,36.28506399999605,36.28506399999605,0.00000000000000
2025-05-27 02:54:20,0.27366702937976,36.06570300000021,36.06570300000021,0.00000000000000
2025-05-27 02:54:21,0.27015250544662,36.32449199998518,36.32449199998518,0.00000000000000
2025-05-27 02:54:22,0.24536777091522,36.12490799999796,36.12490799999796,0.00000000000000
2025-05-27 02:54:23,0.26648351648352,36.11624000000302,36.11624000000302,0.00000000000000
2025-05-27 02:54:24,0.25652415324820,36.41732599999523,36.41732599999523,0.00000000000000
2025-05-27 02:54:25,0.24450704225352,36.74093400000129,36.74093400000129,0.00000000000000
2025-05-27 02:54:26,0.27952329360780,36.25253199998406,36.25253199998406,0.00000000000000
2025-05-27 02:54:27,0.27218290691345,36.17697000000044,36.17697000000044,0.00000000000000
2025-05-27 02:54:28,0.29090909090909,36.40023600001587,36.40023600001587,0.00000000000000
2025-05-27 02:54:29,0.27584300718629,36.98342600002070,36.98342600002070,0.00000000000000
2025-05-27 02:54:30,0.26908292147172,37.10122399998363,37.10122399998363,0.00000000000000
2025-05-27 02:54:31,0.26263736263736,36.16836400001193,36.16836400001193,0.00000000000000
2025-05-27 02:54:32,0.25307950727884,36.41915699999663,36.41915699999663,0.00000000000000
2025-05-27 02:54:33,0.28094725511302,36.19473200000357,36.19473200000357,0.00000000000000
2025-05-27 02:54:34,0.25983379501385,36.71926600000006,36.71926600000006,0.00000000000000
2025-05-27 02:54:35,0.26053215077605,36.21365299998433,36.21365299998433,0.00000000000000
2025-05-27 02:54:36,0.28525641025641,36.75338500001817,36.75338500001817,0.00000000000000
2025-05-27 02:54:37,0.25070106561974,36.74294699999155,36.74294699999155,0.00000000000000
2025-05-27 02:54:38,0.26931567328918,36.43160799998441,36.43160799998441,0.00000000000000
2025-05-27 02:54:39,0.26988480526604,36.56088100001216,36.56088100001216,0.00000000000000
2025-05-27 02:54:40,0.27460576400218,36.05001700000139,36.05001700000139,0.00000000000000
2025-05-27 02:54:41,0.27846735024285,36.15975900000194,36.15975900000194,0.00000000000000
2025-05-27 02:54:42,0.24120317820658,36.49465699997381,36.49465699997381,0.00000000000000
2025-05-27 02:54:43,0.27009294696555,36.16128500000923,36.16128500000923,0.00000000000000
2025-05-27 02:54:44,0.28310991957105,36.35738900001161,36.35738900001161,0.00000000000000
2025-05-27 02:54:45,0.26878771256171,36.30673099998967,36.30673099998967,0.00000000000000
2025-05-27 02:54:46,0.27472527472527,36.38204799999949,36.38204799999949,0.00000000000000
2025-05-27 02:54:47,0.28920238741183,36.63668600001256,36.63668600001256,0.00000000000000
2025-05-27 02:54:48,0.26441241685144,36.48922600000515,36.48922600000515,0.00000000000000
2025-05-27 02:54:49,0.26912493120528,36.62533300000359,36.62533300000359,0.00000000000000
2025-05-27 02:54:50,0.25529542920847,36.61501899998984,36.61501899998984,0.00000000000000
2025-05-27 02:54:51,0.24929971988796,36.44436500000302,36.44436500000302,0.00000000000000
2025-05-27 02:54:52,0.28249194414608,36.12862999999197,36.12862999999197,0.00000000000000
2025-05-27 02:54:53,0.26725082146769,36.03317199999583,36.03317199999583,0.00000000000000
2025-05-27 02:54:54,0.28043478260870,36.05074999999488,36.05074999999488,0.00000000000000
2025-05-27 02:54:55,0.29175588865096,36.38937200000510,36.38937200000510,0.00000000000000
2025-05-27 02:54:56,0.27569331158238,36.57101299997885,36.57101299997885,0.00000000000000
2025-05-27 02:54:57,0.26982378854626,36.34176500001922,36.34176500001922,0.00000000000000
2025-05-27 02:54:58,0.25777275296778,36.91030499999761,36.91030499999761,0.00000000000000
2025-05-27 02:54:59,0.28853538123971,37.23757600001409,37.23757600001409,0.00000000000000
2025-05-27 02:55:00,0.28056768558952,37.06502899999032,37.06502899999032,0.00000000000000
2025-05-27 02:55:01,0.29168929929386,36.54873499998939,36.54873499998939,0.00000000000000
2025-05-27 02:55:02,0.26747385800771,36.30166500000632,36.30166500000632,0.00000000000000
2025-05-27 02:55:03,0.25833333333333,36.37283199999365,36.37283199999365,0.00000000000000
2025-05-27 02:55:04,0.26912493120528,36.68868700001622,36.68868700001622,0.00000000000000
2025-05-27 02:55:05,0.27437020810515,36.70864699999220,36.70864699999220,0.00000000000000
2025-05-27 02:55:06,0.27717391304348,36.36941300000763,36.36941300000763,0.00000000000000
2025-05-27 02:55:07,0.26814404432133,36.60610800000723,36.60610800000723,0.00000000000000
2025-05-27 02:55:08,0.31113423517170,35.98806699999841,35.98806699999841,0.00000000000000
2025-05-27 02:55:09,0.28947368421053,36.92153700001654,36.92153700001654,0.00000000000000
2025-05-27 02:55:10,0.26295479603087,36.31887599997572,36.31887599997572,0.00000000000000
2025-05-27 02:55:11,0.25905292479109,36.03988600001321,36.03988600001321,0.00000000000000
2025-05-27 02:55:12,0.26567656765677,36.60195700000622,36.60195700000622,0.00000000000000
2025-05-27 02:55:13,0.27208287895311,36.28011900000274,36.28011900000274,0.00000000000000
2025-05-27 02:55:14,0.27118644067797,36.94173900000169,36.94173900000169,0.00000000000000
2025-05-27 02:55:15,0.27094668117519,36.58376899998984,36.58376899998984,0.00000000000000
2025-05-27 02:55:16,0.27133479212254,36.98659899999620,36.98659899999620,0.00000000000000
2025-05-27 02:55:17,0.28138528138528,36.48104700000840,36.48104700000840,0.00000000000000
2025-05-27 02:55:18,0.23165137614679,36.67898300001980,36.67898300001980,0.00000000000000
2025-05-27 02:55:19,0.18920557913887,37.37026599998353,37.37026599998353,0.00000000000000
2025-05-27 02:55:20,0.18972809667674,37.42458700001589,37.42458700001589,0.00000000000000
2025-05-27 02:55:21,0.20756948551153,37.40230899999733,37.40230899999733,0.00000000000000
2025-05-27 02:55:22,0.18109269490485,37.31942300000810,37.31942300000810,0.00000000000000
2025-05-27 02:55:23,0.16248431618570,36.77914199998486,36.77914199998486,0.00000000000000
2025-05-27 02:55:24,0.19904076738609,37.11849600001005,37.11849600001005,0.00000000000000
2025-05-27 02:55:25,0.18889559444780,36.46713100001216,36.46713100001216,0.00000000000000
2025-05-27 02:55:26,0.19626730885009,36.87667499997769,36.87667499997769,0.00000000000000
2025-05-27 02:55:27,0.22700471698113,36.48592999999528,36.48592999999528,0.00000000000000
2025-05-27 02:55:28,0.22092343658679,37.33913800001028,37.33913800001028,0.00000000000000
2025-05-27 02:55:29,0.20519010259505,37.16207500000019,37.16207500000019,0.00000000000000
2025-05-27 02:55:30,0.18491484184915,36.33083900000202,36.33083900000202,0.00000000000000
2025-05-27 02:55:31,0.19437799043062,36.46993900000234,36.46993900000234,0.00000000000000
2025-05-27 02:55:32,0.17900485436893,36.40542399999686,36.40542399999686,0.00000000000000
2025-05-27 02:55:33,0.18935269207502,36.40994099999079,36.40994099999079,0.00000000000000
2025-05-27 02:55:34,0.22358435493287,36.95358000000124,36.95358000000124,0.00000000000000
2025-05-27 02:55:35,0.19796650717703,36.98842999999761,36.98842999999761,0.00000000000000
2025-05-27 02:55:36,0.21759530791789,37.03402399999322,37.03402399999322,0.00000000000000
2025-05-27 02:55:37,0.19327731092437,36.61251599999378,36.61251599999378,0.00000000000000
2025-05-27 02:55:38,0.20144752714113,37.25869400001829,37.25869400001829,0.00000000000000
2025-05-27 02:55:39,0.18419452887538,36.57369799999287,36.57369799999287,0.00000000000000
2025-05-27 02:55:40,0.19614921780987,36.49490099999821,36.49490099999821,0.00000000000000
2025-05-27 02:55:41,0.19354838709677,36.39779499999713,36.39779499999713,0.00000000000000
2025-05-27 02:55:42,0.22131147540984,36.42538300002343,36.42538300002343,0.00000000000000
2025-05-27 02:55:43,0.24187107815174,35.94943199999398,35.94943199999398,0.00000000000000
2025-05-27 02:55:44,0.21685327047731,36.12765399998170,36.12765399998170,0.00000000000000
2025-05-27 02:55:45,0.22814128546613,35.94406100001652,35.94406100001652,0.00000000000000
2025-05-27 02:55:46,0.20572450805009,36.26400599998306,36.26400599998306,0.00000000000000
2025-05-27 02:55:47,0.21690962099125,36.83150999998907,36.83150999998907,0.00000000000000
2025-05-27 02:55:48,0.17769607843137,36.37374700000510,36.37374700000510,0.00000000000000
2025-05-27 02:55:49,0.17549261083744,37.19259300001431,37.19259300001431,0.00000000000000
2025-05-27 02:55:50,0.17998779743746,36.30856199999107,36.30856199999107,0.00000000000000
2025-05-27 02:55:51,0.17881200244948,36.59231300000101,36.59231300000101,0.00000000000000
2025-05-27 02:55:52,0.19044740024184,36.40542500000447,36.40542500000447,0.00000000000000
2025-05-27 02:55:53,0.16676961087091,36.50039500001003,36.50039500001003,0.00000000000000
2025-05-27 02:55:54,0.18435415403275,36.49837999997544,36.49837999997544,0.00000000000000
2025-05-27 02:55:55,0.18457802064359,36.51101500002551,36.51101500002551,0.00000000000000
2025-05-27 02:55:56,0.21351025331725,37.68502399997669,37.68502399997669,0.00000000000000
2025-05-27 02:55:57,0.18065693430657,36.41696000000229,36.41696000000229,0.00000000000000
2025-05-27 02:55:58,0.19168173598553,36.50478899999871,36.50478899999871,0.00000000000000
2025-05-27 02:55:59,0.22608165752590,38.30312500000582,38.30312500000582,0.00000000000000
2025-05-27 02:56:00,0.21518230723252,36.71877800000948,36.71877800000948,0.00000000000000
2025-05-27 02:56:01,0.21005385996409,36.31899899998098,36.31899899998098,0.00000000000000
2025-05-27 02:56:02,0.17109326744904,36.80721700002323,36.80721700002323,0.00000000000000
2025-05-27 02:56:03,0.19024683925346,36.96920499997213,36.96920499997213,0.00000000000000
2025-05-27 02:56:04,0.22743259085580,37.03225400001975,37.03225400001975,0.00000000000000
2025-05-27 02:56:05,0.18131868131868,36.57925199999590,36.57925199999590,0.00000000000000
2025-05-27 02:56:06,0.17846153846154,37.14571799998521,37.14571799998521,0.00000000000000
2025-05-27 02:56:07,0.16052467207995,36.38748000000487,36.38748000000487,0.00000000000000
2025-05-27 02:56:08,0.19047619047619,36.37301500001922,36.37301500001922,0.00000000000000
2025-05-27 02:56:09,0.20299401197605,36.51608100000885,36.51608100000885,0.00000000000000
2025-05-27 02:56:10,0.19880952380952,36.77901999998721,36.77901999998721,0.00000000000000
2025-05-27 02:56:11,0.20403321470937,35.98391599999741,35.98391599999741,0.00000000000000
2025-05-27 02:56:12,0.21399176954733,36.09091100000660,36.09091100000660,0.00000000000000
2025-05-27 02:56:13,0.20106761565836,36.53072999999858,36.53072999999858,0.00000000000000
2025-05-27 02:56:14,0.19374247894103,36.46621499999310,36.46621499999310,0.00000000000000
2025-05-27 02:56:15,0.18961352657005,36.42104899999686,36.42104899999686,0.00000000000000
2025-05-27 02:56:16,0.20763723150358,36.47817800001940,36.47817800001940,0.00000000000000
2025-05-27 02:56:17,0.19665271966527,36.30892799998401,36.30892799998401,0.00000000000000
2025-05-27 02:56:18,0.18348623853211,37.35622800001875,37.35622800001875,0.00000000000000
2025-05-27 02:56:19,0.19041843541540,36.81899699999485,36.81899699999485,0.00000000000000
2025-05-27 02:56:20,0.16666666666667,36.53371999997762,36.53371999997762,0.00000000000000
2025-05-27 02:56:21,0.18817852834741,36.35482599999523,36.35482599999523,0.00000000000000
2025-05-27 02:56:22,0.18054711246201,36.24368200000026,36.24368200000026,0.00000000000000
2025-05-27 02:56:23,0.17776420281002,36.73275500000454,36.73275500000454,0.00000000000000
2025-05-27 02:56:24,0.17241379310345,36.63869999998133,36.63869999998133,0.00000000000000
2025-05-27 02:56:25,0.19533169533170,37.04488800000399,37.04488800000399,0.00000000000000
2025-05-27 02:56:26,0.17552533992583,37.10403099999530,37.10403099999530,0.00000000000000
2025-05-27 02:56:27,0.18054711246201,36.41616699998849,36.41616699998849,0.00000000000000
2025-05-27 02:56:28,0.17070142768467,36.82479499999317,36.82479499999317,0.00000000000000
2025-05-27 02:56:29,0.22349397590361,37.54085900000064,37.54085900000064,0.00000000000000
2025-05-27 02:56:30,0.18552311435523,36.74276500000269,36.74276500000269,0.00000000000000
2025-05-27 02:56:31,0.21963974433469,37.14748799998779,37.14748799998779,0.00000000000000
2025-05-27 02:56:32,0.19868735083532,37.13161899999250,37.13161899999250,0.00000000000000
2025-05-27 02:56:33,0.17726161369193,36.52017000000342,36.52017000000342,0.00000000000000
2025-05-27 02:56:34,0.17715332926084,36.44821000000229,36.44821000000229,0.00000000000000
2025-05-27 02:56:35,0.18176291793313,37.02248800001689,37.02248800001689,0.00000000000000
2025-05-27 02:56:36,0.16759776536313,37.00393400000758,37.00393400000758,0.00000000000000
2025-05-27 02:56:37,0.19519519519520,37.14407000000938,37.14407000000938,0.00000000000000
2025-05-27 02:56:38,0.20179640718563,37.42110799998045,37.42110799998045,0.00000000000000
2025-05-27 02:56:39,0.19056261343013,37.04134799999883,37.04134799999883,0.00000000000000
2025-05-27 02:56:40,0.18896220755849,36.78231500001857,36.78231500001857,0.00000000000000
2025-05-27 02:56:41,0.18659420289855,36.38863999999012,36.38863999999012,0.00000000000000
2025-05-27 02:56:42,0.18104495747266,36.87014500002260,36.87014500002260,0.00000000000000
2025-05-27 02:56:43,0.18606060606061,36.54671999998391,36.54671999998391,0.00000000000000
2025-05-27 02:56:44,0.18303030303030,36.59890599999926,36.59890599999926,0.00000000000000
2025-05-27 02:56:45,0.19295101553166,36.72500299999956,36.72500299999956,0.00000000000000
2025-05-27 02:56:46,0.19395770392749,37.33614699999453,37.33614699999453,0.00000000000000
2025-05-27 02:56:47,0.19459459459459,36.55209199999808,36.55209199999808,0.00000000000000
2025-05-27 02:56:48,0.19916765755054,36.97878700000001,36.97878700000001,0.00000000000000
2025-05-27 02:56:49,0.21238938053097,37.39290999999503,37.39290999999503,0.00000000000000
2025-05-27 02:56:50,0.21256605989430,37.22622300000512,37.22622300000512,0.00000000000000
2025-05-27 02:56:51,0.17582417582418,36.46700800000690,36.46700800000690,0.00000000000000
2025-05-27 02:56:52,0.17993920972644,37.17171900000540,37.17171900000540,0.00000000000000
2025-05-27 02:56:53,0.17503059975520,36.96023299999069,36.96023299999069,0.00000000000000
2025-05-27 02:56:54,0.21351674641148,36.85165100000449,36.85165100000449,0.00000000000000
2025-05-27 02:56:55,0.18464351005484,37.34646199998679,37.34646199998679,0.00000000000000
2025-05-27 02:56:56,0.18848484848485,36.71401699999114,36.71401699999114,0.00000000000000
2025-05-27 02:56:57,0.19059107358263,36.63577100000111,36.63577100000111,0.00000000000000
2025-05-27 02:56:58,0.20685579196217,36.89187399999355,36.89187399999355,0.00000000000000
2025-05-27 02:56:59,0.23026706231454,37.92562299998826,37.92562299998826,0.00000000000000
2025-05-27 02:57:00,0.21954090641554,37.97390199999791,37.97390199999791,0.00000000000000
2025-05-27 02:57:01,0.21734036321031,37.97976099999505,37.97976099999505,0.00000000000000
2025-05-27 02:57:02,0.21503496503497,37.06106200002250,37.06106200002250,0.00000000000000
2025-05-27 02:57:03,0.21338912133891,36.87380699999630,36.87380699999630,0.00000000000000
2025-05-27 02:57:04,0.21416032767700,36.53591700000106,36.53591700000106,0.00000000000000
2025-05-27 02:57:05,0.20083184789067,37.41512699998566,37.41512699998566,0.00000000000000
2025-05-27 02:57:06,0.18507281553398,36.72530900000129,36.72530900000129,0.00000000000000
2025-05-27 02:57:07,0.21093750000000,37.04641400001128,37.04641400001128,0.00000000000000
2025-05-27 02:57:08,0.20321811680572,36.62447799998336,36.62447799998336,0.00000000000000
2025-05-27 02:57:09,0.20226730310263,36.91610500001116,36.91610500001116,0.00000000000000
2025-05-27 02:57:10,0.17794028031688,36.90554499998689,36.90554499998689,0.00000000000000
2025-05-27 02:57:11,0.17470983506414,36.44845399999758,36.44845399999758,0.00000000000000
2025-05-27 02:57:12,0.16881522406384,36.89053100001183,36.89053100001183,0.00000000000000
2025-05-27 02:57:13,0.20154577883472,37.00637399998959,37.00637399998959,0.00000000000000
2025-05-27 02:57:14,0.18009768009768,36.54433999999310,36.54433999999310,0.00000000000000
2025-05-27 02:57:15,0.22130665097116,37.18569600000046,37.18569600000046,0.00000000000000
2025-05-27 02:57:16,0.21415929203540,37.01260000001639,37.01260000001639,0.00000000000000
2025-05-27 02:57:17,0.18248175182482,36.46200400000089,36.46200400000089,0.00000000000000
2025-05-27 02:57:18,0.19457831325301,36.84304499998689,36.84304499998689,0.00000000000000
2025-05-27 02:57:19,0.18776758409786,37.15694799998892,37.15694799998892,0.00000000000000
2025-05-27 02:57:20,0.19509275882705,37.38552500001970,37.38552500001970,0.00000000000000
2025-05-27 02:57:21,0.23720136518771,37.38418100000126,37.38418100000126,0.00000000000000
2025-05-27 02:57:22,0.16718266253870,36.46133299998473,36.46133299998473,0.00000000000000
2025-05-27 02:57:23,0.16125000000000,36.90688799999771,36.90688799999771,0.00000000000000
2025-05-27 02:57:24,0.17870257037944,37.51388099999167,37.51388099999167,0.00000000000000
2025-05-27 02:57:26,0.18851963746224,36.89816000001156,36.89816000001156,0.00000000000000
2025-05-27 02:57:27,0.20416666666667,36.35940400001709,36.35940400001709,0.00000000000000
2025-05-27 02:57:28,0.21030805687204,36.89809899998363,36.89809899998363,0.00000000000000
2025-05-27 02:57:29,0.20835820895522,36.69674499999383,36.69674499999383,0.00000000000000
2025-05-27 02:57:30,0.19071207430341,37.51241600001231,37.51241600001231,0.00000000000000
2025-05-27 02:57:31,0.17769607843137,36.86214899999322,36.86214899999322,0.00000000000000
2025-05-27 02:57:32,0.18958207147184,36.85348200000590,36.85348200000590,0.00000000000000
2025-05-27 02:57:33,0.19349005424955,37.03109400000540,37.03109400000540,0.00000000000000
2025-05-27 02:57:34,0.15842204132749,37.00100399999064,37.00100399999064,0.00000000000000
2025-05-27 02:57:35,0.19675090252708,36.63870099998894,36.63870099998894,0.00000000000000
2025-05-27 02:57:36,0.15947467166979,36.90542300001835,36.90542300001835,0.00000000000000
2025-05-27 02:57:37,0.18844984802432,36.66219800000545,36.66219800000545,0.00000000000000
2025-05-27 02:57:38,0.16625310173697,36.81203999998979,36.81203999998979,0.00000000000000
2025-05-27 02:57:39,0.16884735202492,37.03969999999390,37.03969999999390,0.00000000000000
2025-05-27 02:57:40,0.19506321493076,37.03902900000685,37.03902900000685,0.00000000000000
2025-05-27 02:57:41,0.23009877977920,36.31021000002511,36.31021000002511,0.00000000000000
2025-05-27 02:57:42,0.24588302101079,36.54684199998155,36.54684199998155,0.00000000000000
2025-05-27 02:57:43,0.21323095097460,37.07211000000825,37.07211000000825,0.00000000000000
2025-05-27 02:57:44,0.22222222222222,37.11580999998841,37.11580999998841,0.00000000000000
2025-05-27 02:57:45,0.22044917257683,36.70699900001637,36.70699900001637,0.00000000000000
2025-05-27 02:57:46,0.25113636363636,35.96804700000212,35.96804700000212,0.00000000000000
2025-05-27 02:57:47,0.20480480480480,36.91628700000001,36.91628700000001,0.00000000000000
2025-05-27 02:57:48,0.18425869432581,36.85989100000006,36.85989100000006,0.00000000000000
2025-05-27 02:57:49,0.18974984746797,37.43569499999285,37.43569499999285,0.00000000000000
2025-05-27 02:57:50,0.23864289821737,36.74679299999843,36.74679299999843,0.00000000000000
2025-05-27 02:57:51,0.17513778322107,36.85543600001256,36.85543600001256,0.00000000000000
2025-05-27 02:57:52,0.19193742478941,37.26491900000838,37.26491900000838,0.00000000000000
2025-05-27 02:57:53,0.16030056355667,36.58590499998536,36.58590499998536,0.00000000000000
2025-05-27 02:57:54,0.18242830994509,37.36428500001784,37.36428500001784,0.00000000000000
2025-05-27 02:57:55,0.20500595947557,37.19710899997153,37.19710899997153,0.00000000000000
2025-05-27 02:57:56,0.16010006253909,36.54067799999029,36.54067799999029,0.00000000000000
2025-05-27 02:57:57,0.17986494782075,36.90292100000079,36.90292100000079,0.00000000000000
2025-05-27 02:57:58,0.21382542472173,37.41854400001466,37.41854400001466,0.00000000000000
2025-05-27 02:57:59,0.18003674219228,37.14730499999132,37.14730499999132,0.00000000000000
2025-05-27 02:58:00,0.18434032059186,37.12905499999761,37.12905499999761,0.00000000000000
2025-05-27 02:58:01,0.19817629179331,38.25368700001854,38.25368700001854,0.00000000000000
2025-05-27 02:58:02,0.20646319569120,37.87667299999157,37.87667299999157,0.00000000000000
2025-05-27 02:58:03,0.22325581395349,37.48788000000059,37.48788000000059,0.00000000000000
2025-05-27 02:58:04,0.19556088782244,36.70022299999255,36.70022299999255,0.00000000000000
2025-05-27 02:58:05,0.19496100779844,37.39040800000657,37.39040800000657,0.00000000000000
2025-05-27 02:58:06,0.18052988293284,37.25197899999330,37.25197899999330,0.00000000000000
2025-05-27 02:58:07,0.20455908818236,36.81191800002125,36.81191800002125,0.00000000000000
2025-05-27 02:58:08,0.18866787221218,36.93319400001201,36.93319400001201,0.00000000000000
2025-05-27 02:58:09,0.17929759704251,36.76675099998829,36.76675099998829,0.00000000000000
2025-05-27 02:58:10,0.19600725952813,36.94009099999676,36.94009099999676,0.00000000000000
2025-05-27 02:58:11,0.18115055079559,36.96926600000006,36.96926600000006,0.00000000000000
2025-05-27 02:58:12,0.19987812309567,37.04214100001263,37.04214100001263,0.00000000000000
2025-05-27 02:58:13,0.17744916820702,37.02962899999693,37.02962899999693,0.00000000000000
2025-05-27 02:58:14,0.18137553256239,37.05373799998779,37.05373799998779,0.00000000000000
2025-05-27 02:58:15,0.18115055079559,36.93899200001033,36.93899200001033,0.00000000000000
2025-05-27 02:58:16,0.16116988176727,36.76253999999608,36.76253999999608,0.00000000000000
2025-05-27 02:58:17,0.19522643818849,37.12283000000753,37.12283000000753,0.00000000000000
2025-05-27 02:58:18,0.15248897290485,37.23635500000091,37.23635500000091,0.00000000000000
2025-05-27 02:58:19,0.21289178001183,36.99599900000612,36.99599900000612,0.00000000000000
2025-05-27 02:58:20,0.22149253731343,37.83455800000229,37.83455800000229,0.00000000000000
2025-05-27 02:58:21,0.22261277094318,35.90982100000838,35.90982100000838,0.00000000000000
2025-05-27 02:58:22,0.21602373887240,36.54318000000785,36.54318000000785,0.00000000000000
2025-05-27 02:58:23,0.18864468864469,36.80135900000460,36.80135900000460,0.00000000000000
2025-05-27 02:58:24,0.21080760095012,36.04128899998614,36.04128899998614,0.00000000000000
2025-05-27 02:58:25,0.21390689451974,36.52480899999500,36.52480899999500,0.00000000000000
2025-05-27 02:58:26,0.18529769137303,36.90273800000432,36.90273800000432,0.00000000000000
2025-05-27 02:58:27,0.19393939393939,37.17458700001589,37.17458700001589,0.00000000000000
2025-05-27 02:58:28,0.18601823708207,37.20144299999811,37.20144299999811,0.00000000000000
2025-05-27 02:58:29,0.17482951022939,37.41781199999969,37.41781199999969,0.00000000000000
2025-05-27 02:58:30,0.21110433190970,38.15114699999685,38.15114699999685,0.00000000000000
2025-05-27 02:58:31,0.18070818070818,37.16567700001178,37.16567700001178,0.00000000000000
2025-05-27 02:58:32,0.20828402366864,36.98037400000612,36.98037400000612,0.00000000000000
2025-05-27 02:58:33,0.21537558685446,36.72988600001554,36.72988600001554,0.00000000000000
2025-05-27 02:58:34,0.19205298013245,36.74197099998128,36.74197099998128,0.00000000000000
2025-05-27 02:58:35,0.20828402366864,36.99624400000903,36.99624400000903,0.00000000000000
2025-05-27 02:58:36,0.19557416267943,37.14382600001409,37.14382600001409,0.00000000000000
2025-05-27 02:58:37,0.18712029161604,36.92867699998897,36.92867699998897,0.00000000000000
2025-05-27 02:58:38,0.18871359223301,37.05654600000707,37.05654600000707,0.00000000000000
2025-05-27 02:58:39,0.20716417910448,36.94173900000169,36.94173900000169,0.00000000000000
2025-05-27 02:58:40,0.18795620437956,37.06649399999878,37.06649399999878,0.00000000000000
2025-05-27 02:58:41,0.23985890652557,37.13528099999530,37.13528099999530,0.00000000000000
2025-05-27 02:58:42,0.20191731575794,36.68313399999170,36.68313399999170,0.00000000000000
2025-05-27 02:58:43,0.21672555948174,36.18118100002175,36.18118100002175,0.00000000000000
2025-05-27 02:58:44,0.19407496977025,37.15633800000069,37.15633800000069,0.00000000000000
2025-05-27 02:58:45,0.22521994134897,36.44869900000049,36.44869900000049,0.00000000000000
2025-05-27 02:58:46,0.19532654284002,36.82088899999508,36.82088899999508,0.00000000000000
2025-05-27 02:58:47,0.19102486355367,37.10238299999037,37.10238299999037,0.00000000000000
2025-05-27 02:58:48,0.20047732696897,37.01137900000322,37.01137900000322,0.00000000000000
2025-05-27 02:58:49,0.22486926205694,36.75411799998255,36.75411799998255,0.00000000000000
2025-05-27 02:58:50,0.20312500000000,37.15346900001168,37.15346900001168,0.00000000000000
2025-05-27 02:58:51,0.18757539203860,36.65365300001577,36.65365300001577,0.00000000000000
2025-05-27 02:58:52,0.19447779111645,37.13320599999861,37.13320599999861,0.00000000000000
2025-05-27 02:58:53,0.19652486518874,36.86385799999698,36.86385799999698,0.00000000000000
2025-05-27 02:58:54,0.20816085156712,36.45889099998749,36.45889099998749,0.00000000000000
2025-05-27 02:58:55,0.25448916408669,40.45820900000399,40.45820900000399,0.00000000000000
2025-05-27 02:58:56,0.48683404776485,42.78889200001140,42.78889200001140,0.00000000000000
2025-05-27 02:58:57,0.36863905325444,40.12782699998934,40.12782699998934,0.00000000000000
2025-05-27 02:58:58,0.30178242163491,40.60426600000937,40.60426600000937,0.00000000000000
2025-05-27 02:58:59,0.31475617479417,43.71564699997543,43.71564699997543,0.00000000000000
2025-05-27 02:59:00,0.46570397111913,45.00897900000564,45.00897900000564,0.00000000000000
2025-05-27 02:59:01,0.50124843945069,43.88080800001626,43.88080800001626,0.00000000000000
2025-05-27 02:59:02,0.60368098159509,43.01569800000289,43.01569800000289,0.00000000000000
2025-05-27 02:59:03,0.62368257904526,48.85894499998540,48.85894499998540,0.00000000000000
2025-05-27 02:59:04,0.55466830466830,44.88251400002628,44.88251400002628,0.00000000000000
2025-05-27 02:59:05,0.38012422360248,44.62281099997927,44.62281099997927,0.00000000000000
2025-05-27 02:59:06,0.43155893536122,44.33619000000181,44.33619000000181,0.00000000000000
2025-05-27 02:59:07,0.53661616161616,44.87341999998898,44.87341999998898,0.00000000000000
2025-05-27 02:59:08,0.61188599151001,43.32471800001804,43.32471800001804,0.00000000000000
2025-05-27 02:59:09,0.51439069197795,44.38691099997959,44.38691099997959,0.00000000000000
2025-05-27 02:59:10,0.43173431734317,43.64502900000662,43.64502900000662,0.00000000000000
2025-05-27 02:59:11,0.44907975460123,43.81928500000504,43.81928500000504,0.00000000000000
2025-05-27 02:59:12,0.50866336633663,43.21229199998197,43.21229199998197,0.00000000000000
2025-05-27 02:59:13,0.50913520097442,43.58637500001350,43.58637500001350,0.00000000000000
2025-05-27 02:59:14,0.45990279465371,41.48079000000143,41.48079000000143,0.00000000000000
2025-05-27 02:59:15,0.44278606965174,42.23670799998217,42.23670799998217,0.00000000000000
2025-05-27 02:59:16,0.33991363355953,43.78699800002505,43.78699800002505,0.00000000000000
2025-05-27 02:59:17,0.38080869040435,41.40535099999397,41.40535099999397,0.00000000000000
2025-05-27 02:59:18,0.35980746089049,40.01289799998631,40.01289799998631,0.00000000000000
2025-05-27 02:59:19,0.43246517262265,42.37177900000825,42.37177900000825,0.00000000000000
2025-05-27 02:59:20,0.40071770334928,40.85231200000271,40.85231200000271,0.00000000000000
2025-05-27 02:59:21,0.36252296387018,41.05189699999755,41.05189699999755,0.00000000000000
2025-05-27 02:59:22,0.32212713936430,43.70166999998037,43.70166999998037,0.00000000000000
2025-05-27 02:59:23,0.37606318347509,41.79695200000424,41.79695200000424,0.00000000000000
2025-05-27 02:59:24,0.47546941247729,45.80188400001498,45.80188400001498,0.00000000000000
2025-05-27 02:59:25,0.79563719862227,50.88896899999236,50.88896899999236,0.00000000000000
2025-05-27 02:59:26,0.73237885462555,50.53942099999404,50.53942099999404,0.00000000000000
2025-05-27 02:59:27,0.79857397504456,51.57524600002216,51.57524600002216,0.00000000000000
2025-05-27 02:59:28,0.80080831408776,54.85862499999348,54.85862499999348,0.00000000000000
2025-05-27 02:59:29,0.77206703910615,54.74180299998261,54.74180299998261,0.00000000000000
2025-05-27 02:59:30,0.72587719298246,52.87852700002259,52.87852700002259,0.00000000000000
2025-05-27 02:59:31,0.73701657458564,51.54857399998582,51.54857399998582,0.00000000000000
2025-05-27 02:59:32,0.71476137624861,51.40550799999619,51.40550799999619,0.00000000000000
2025-05-27 02:59:33,0.71674057649667,51.32268300000578,51.32268300000578,0.00000000000000
2025-05-27 02:59:34,0.78193325661680,52.00206400000025,52.00206400000025,0.00000000000000
2025-05-27 02:59:35,0.82024432809773,51.79503300000215,51.79503300000215,0.00000000000000
2025-05-27 02:59:36,0.77898343803541,52.08922200000961,52.08922200000961,0.00000000000000
2025-05-27 02:59:37,0.81776239907728,55.21024699998088,55.21024699998088,0.00000000000000
2025-05-27 02:59:38,0.77695379349686,54.32139399999869,54.32139399999869,0.00000000000000
2025-05-27 02:59:39,0.57407407407407,46.38867500002380,46.38867500002380,0.00000000000000
2025-05-27 02:59:40,0.52916160388821,45.16333699997631,45.16333699997631,0.00000000000000
2025-05-27 02:59:41,0.42599502487562,45.67981400000281,45.67981400000281,0.00000000000000
2025-05-27 02:59:42,0.51591187270502,46.02612799999770,46.02612799999770,0.00000000000000
2025-05-27 02:59:43,0.48580246913580,44.12592400002177,44.12592400002177,0.00000000000000
2025-05-27 02:59:44,0.49159663865546,43.63483699999051,43.63483699999051,0.00000000000000
2025-05-27 02:59:45,0.34349719975109,42.91798100000597,42.91798100000597,0.00000000000000
2025-05-27 02:59:46,0.37507598784195,40.88038799999049,40.88038799999049,0.00000000000000
2025-05-27 02:59:47,0.33163913595934,42.85517600001185,42.85517600001185,0.00000000000000
2025-05-27 02:59:48,0.35222425350396,41.47975299999234,41.47975299999234,0.00000000000000
2025-05-27 02:59:49,0.41807228915663,43.90876200000639,43.90876200000639,0.00000000000000
2025-05-27 02:59:50,0.33191230207065,41.07301500000176,41.07301500000176,0.00000000000000
2025-05-27 02:59:51,0.44846970643348,43.77173899998888,43.77173899998888,0.00000000000000
2025-05-27 02:59:52,0.79907621247113,52.21922599998652,52.21922599998652,0.00000000000000
2025-05-27 02:59:53,0.75926982316030,51.25719299999764,51.25719299999764,0.00000000000000
2025-05-27 02:59:54,0.81412854661262,52.64848500001244,52.64848500001244,0.00000000000000
2025-05-27 02:59:55,0.79567444507684,55.26761999999871,55.26761999999871,0.00000000000000
2025-05-27 02:59:56,0.75891341256367,54.95988099998794,54.95988099998794,0.00000000000000
2025-05-27 02:59:57,0.73002754820937,52.33696300000884,52.33696300000884,0.00000000000000
2025-05-27 02:59:58,0.71949199337383,51.11022100000991,51.11022100000991,0.00000000000000
2025-05-27 02:59:59,0.70614035087719,50.54698899999494,50.54698899999494,0.00000000000000
2025-05-27 03:00:00,0.71978021978022,51.11534699998447,51.11534699998447,0.00000000000000
2025-05-27 03:00:01,0.78025114155251,52.10789899999509,52.10789899999509,0.00000000000000
2025-05-27 03:00:02,0.85325443786982,52.24303100001998,52.24303100001998,0.00000000000000
2025-05-27 03:00:03,0.78373800112931,54.13511499998276,54.13511499998276,0.00000000000000
2025-05-27 03:00:04,0.76570458404075,54.71067500000936,54.71067500000936,0.00000000000000
2025-05-27 03:00:05,0.61890780974750,49.16741599998204,49.16741599998204,0.00000000000000
2025-05-27 03:00:06,0.45710857828434,43.23560700000962,43.23560700000962,0.00000000000000
2025-05-27 03:00:07,0.50278293135436,44.37751099999878,44.37751099999878,0.00000000000000
2025-05-27 03:00:08,0.51874615857406,43.33576499999617,43.33576499999617,0.00000000000000
2025-05-27 03:00:09,0.38841978287093,40.75532799999928,40.75532799999928,0.00000000000000
2025-05-27 03:00:10,0.50390390390390,45.50440000000526,45.50440000000526,0.00000000000000
2025-05-27 03:00:11,0.53888213851762,43.00813000000198,43.00813000000198,0.00000000000000
2025-05-27 03:00:12,0.64140811455847,49.24541800000588,49.24541800000588,0.00000000000000
2025-05-27 03:00:13,0.43511008111240,43.83313999997335,43.83313999997335,0.00000000000000
2025-05-27 03:00:14,0.23987730061350,38.67964899999788,38.67964899999788,0.00000000000000
2025-05-27 03:00:15,0.33292831105711,43.19581199999084,43.19581199999084,0.00000000000000
2025-05-27 03:00:16,0.29326923076923,39.62721800000872,39.62721800000872,0.00000000000000
2025-05-27 03:00:17,0.38293897882939,42.27534399999422,42.27534399999422,0.00000000000000
2025-05-27 03:00:18,0.38763012859767,42.01246500000707,42.01246500000707,0.00000000000000
2025-05-27 03:00:19,0.35604665438920,40.76198100001784,40.76198100001784,0.00000000000000
2025-05-27 03:00:20,0.31578947368421,40.06001699998160,40.06001699998160,0.00000000000000
2025-05-27 03:00:21,0.28857837181045,40.34633200001554,40.34633200001554,0.00000000000000
2025-05-27 03:00:22,0.27609635577517,39.25905500000226,39.25905500000226,0.00000000000000
2025-05-27 03:00:23,0.26055045871560,38.73897499998566,38.73897499998566,0.00000000000000
2025-05-27 03:00:24,0.33251533742331,42.66224500001408,42.66224500001408,0.00000000000000
2025-05-27 03:00:25,0.71949828962372,51.70348099997500,51.70348099997500,0.00000000000000
2025-05-27 03:00:26,0.66346696781479,51.08074000000488,51.08074000000488,0.00000000000000
2025-05-27 03:00:27,0.42418661755678,43.38044300000183,43.38044300000183,0.00000000000000
2025-05-27 03:00:28,0.26702508960573,40.49708899998222,40.49708899998222,0.00000000000000
2025-05-27 03:00:29,0.30048076923077,40.40785600000527,40.40785600000527,0.00000000000000
2025-05-27 03:00:30,0.32826747720365,41.20094499998959,41.20094499998959,0.00000000000000
2025-05-27 03:00:31,0.25764993880049,39.74922700002207,39.74922700002207,0.00000000000000
2025-05-27 03:00:32,0.28115593016255,39.43886299998849,39.43886299998849,0.00000000000000
2025-05-27 03:00:33,0.24137931034483,38.37831999998889,38.37831999998889,0.00000000000000
2025-05-27 03:00:34,0.47914110429448,45.17914399999427,45.17914399999427,0.00000000000000
2025-05-27 03:00:35,0.45437731196054,42.65156300002127,42.65156300002127,0.00000000000000
2025-05-27 03:00:36,0.32289748311848,39.87251799998921,39.87251799998921,0.00000000000000
2025-05-27 03:00:37,0.69770408163265,44.34876299998723,44.34876299998723,0.00000000000000
2025-05-27 03:00:38,0.37101811367895,40.88801799999783,40.88801799999783,0.00000000000000
2025-05-27 03:00:39,0.25531914893617,37.39437500000349,37.39437500000349,0.00000000000000
2025-05-27 03:00:40,0.18556085918854,36.61184399999911,36.61184399999911,0.00000000000000
2025-05-27 03:00:41,0.15746549560853,36.27212400001008,36.27212400001008,0.00000000000000
2025-05-27 03:00:42,0.42085427135678,39.99159699998563,39.99159699998563,0.00000000000000
2025-05-27 03:00:43,0.18181818181818,36.36898699999438,36.36898699999438,0.00000000000000
2025-05-27 03:00:44,0.14597629444791,36.06716800000868,36.06716800000868,0.00000000000000
